Year	Field	gender	Count
1842	Mathematics	male	1
1906	Mathematics	male	4
1907	Mathematics	male	1
1908	Mathematics	male	1
1909	Mathematics	male	1
1910	Mathematics	male	2
1911	Mathematics	male	3
1912	Mathematics	male	1
1913	Mathematics	male	1
1914	Mathematics	male	1
1915	Mathematics	male	1
1916	Mathematics	male	1
1917	Mathematics	male	1
1918	Mathematics	male	2
1919	Biology	male	1
1919	Mathematics	male	2
1920	Biology	male	1
1920	Mathematics	male	2
1920	Medicine	male	1
1921	Biology	male	1
1921	Mathematics	male	2
1921	Medicine	male	2
1922	Biology	male	1
1922	Mathematics	male	2
1922	Medicine	male	3
1923	Biology	male	1
1923	Mathematics	male	2
1923	Medicine	male	4
1924	Biology	male	1
1924	Mathematics	male	4
1924	Medicine	male	5
1925	Biology	male	1
1925	Mathematics	male	5
1925	Medicine	male	5
1926	Biology	male	1
1926	Mathematics	male	4
1926	Medicine	male	5
1927	Biology	male	1
1927	Mathematics	male	3
1927	Medicine	male	5
1928	Biology	male	1
1928	Mathematics	male	2
1928	Medicine	male	5
1929	Biology	male	1
1929	Mathematics	male	2
1929	Medicine	male	6
1930	Biology	male	1
1930	Mathematics	male	2
1930	Medicine	male	6
1931	Biology	male	1
1931	Mathematics	male	2
1931	Medicine	male	8
1932	Biology	male	2
1932	Mathematics	male	2
1932	Medicine	male	7
1933	Biology	male	2
1933	Mathematics	male	2
1933	Medicine	male	5
1934	Biology	male	2
1934	Mathematics	male	2
1934	Medicine	male	4
1935	Biology	male	2
1935	Mathematics	male	2
1935	Medicine	male	4
1936	Biology	male	2
1936	Mathematics	male	4
1936	Medicine	male	4
1937	Biology	male	5
1937	Mathematics	male	3
1937	Medicine	male	5
1938	Biology	male	2
1938	Mathematics	male	3
1938	Medicine	male	6
1939	Biology	male	2
1939	Mathematics	male	3
1939	Medicine	male	5
1939	Psychology	male	1
1940	Biology	male	2
1940	Mathematics	male	2
1940	Medicine	male	5
1941	Biology	male	4
1941	Mathematics	male	3
1941	Medicine	male	9
1942	Biology	male	2
1942	Mathematics	male	3
1942	Medicine	male	7
1943	Biology	male	2
1943	Mathematics	male	3
1943	Medicine	male	7
1944	Biology	male	2
1944	Mathematics	male	3
1944	Medicine	female	1
1944	Medicine	male	7
1945	Biology	male	2
1945	Mathematics	male	5
1945	Medicine	male	6
1946	Biology	male	4
1946	Mathematics	male	5
1946	Medicine	male	8
1947	Biology	male	2
1947	Mathematics	male	3
1947	Medicine	male	8
1948	Biology	male	1
1948	Mathematics	male	3
1948	Medicine	male	6
1949	Biology	female	1
1949	Biology	male	2
1949	Mathematics	male	3
1949	Medicine	male	8
1949	Psychology	male	1
1950	Biology	male	2
1950	Mathematics	male	3
1950	Medicine	male	9
1950	Psychology	male	1
1951	Biology	male	2
1951	Mathematics	male	3
1951	Medicine	male	7
1951	Psychology	male	1
1952	Biology	male	2
1952	Mathematics	female	1
1952	Mathematics	male	4
1952	Medicine	male	9
1952	Psychology	male	1
1953	Biology	female	1
1953	Biology	male	4
1953	Mathematics	female	1
1953	Mathematics	male	3
1953	Medicine	male	10
1953	Psychology	male	1
1954	Biology	male	3
1954	Mathematics	female	1
1954	Mathematics	male	1
1954	Medicine	male	9
1954	Physics	male	1
1954	Psychology	male	1
1955	Biology	male	1
1955	Mathematics	female	1
1955	Mathematics	male	1
1955	Medicine	male	8
1955	Physics	male	1
1955	Psychology	male	1
1956	Biology	male	2
1956	Geology	male	1
1956	Mathematics	female	1
1956	Mathematics	male	1
1956	Medicine	male	13
1956	Physics	male	3
1956	Psychology	male	1
1957	Biology	male	1
1957	Chemistry	male	2
1957	Economics	female	2
1957	Economics	male	4
1957	Mathematics	female	1
1957	Mathematics	male	3
1957	Medicine	male	12
1957	Physics	male	9
1957	Psychology	male	1
1958	Biology	male	4
1958	Chemistry	male	2
1958	Economics	female	1
1958	Economics	male	2
1958	Mathematics	female	1
1958	Mathematics	male	3
1958	Medicine	male	14
1958	Physics	male	11
1958	Psychology	male	1
1959	Biology	male	17
1959	Chemistry	male	3
1959	Economics	female	2
1959	Economics	male	2
1959	Mathematics	female	1
1959	Mathematics	male	2
1959	Medicine	male	13
1959	Physics	female	1
1959	Physics	male	12
1959	Psychology	male	1
1960	Biology	male	15
1960	Chemistry	male	3
1960	Economics	female	2
1960	Economics	male	5
1960	Geology	male	2
1960	Mathematics	female	1
1960	Mathematics	male	2
1960	Medicine	male	18
1960	Physics	male	19
1960	Psychology	male	5
1961	Biology	male	15
1961	Chemistry	male	18
1961	Economics	female	3
1961	Economics	male	6
1961	Geology	male	2
1961	Mathematics	female	1
1961	Mathematics	male	2
1961	Medicine	male	18
1961	Philosophy	female	1
1961	Physics	female	1
1961	Physics	male	25
1961	Psychology	male	3
1962	Biology	male	18
1962	Chemistry	male	25
1962	Economics	female	1
1962	Economics	male	7
1962	Mathematics	female	1
1962	Mathematics	male	4
1962	Medicine	male	16
1962	Physics	male	15
1962	Psychology	male	3
1963	Biology	male	16
1963	Chemistry	male	27
1963	Economics	female	1
1963	Economics	male	2
1963	Geology	male	3
1963	Mathematics	male	5
1963	Medicine	female	1
1963	Medicine	male	17
1963	Physics	male	18
1963	Psychology	male	5
1964	Biology	female	1
1964	Biology	male	34
1964	Chemistry	male	28
1964	Economics	female	1
1964	Economics	male	2
1964	Engineering	male	1
1964	Geology	female	1
1964	Geology	male	1
1964	Mathematics	female	1
1964	Mathematics	male	8
1964	Medicine	female	1
1964	Medicine	male	17
1964	Physics	male	22
1964	Psychology	male	10
1965	Biology	male	40
1965	Chemistry	male	27
1965	Economics	female	2
1965	Economics	male	5
1965	Geology	female	1
1965	Geology	male	1
1965	Mathematics	female	1
1965	Mathematics	male	9
1965	Medicine	female	1
1965	Medicine	male	24
1965	Physics	female	1
1965	Physics	male	26
1965	Psychology	male	11
1966	Biology	male	41
1966	Chemistry	male	32
1966	Economics	female	2
1966	Geology	female	1
1966	Geology	male	4
1966	Mathematics	female	1
1966	Mathematics	male	8
1966	Medicine	female	3
1966	Medicine	male	26
1966	Physics	female	1
1966	Physics	male	25
1966	Psychology	male	11
1967	Biology	female	1
1967	Biology	male	42
1967	Chemistry	male	42
1967	Computer science	male	1
1967	Economics	female	2
1967	Geology	female	2
1967	Geology	male	10
1967	Mathematics	female	1
1967	Mathematics	male	11
1967	Medicine	female	3
1967	Medicine	male	27
1967	Physics	female	2
1967	Physics	male	39
1967	Psychology	female	1
1967	Psychology	male	13
1968	Biology	female	5
1968	Biology	male	57
1968	Chemistry	male	47
1968	Computer science	male	3
1968	Economics	female	2
1968	Economics	male	9
1968	Geology	female	1
1968	Geology	male	8
1968	Materials science	male	3
1968	Mathematics	female	1
1968	Mathematics	male	17
1968	Medicine	female	2
1968	Medicine	male	48
1968	Physics	female	1
1968	Physics	male	44
1968	Psychology	female	2
1968	Psychology	male	12
1969	Biology	female	3
1969	Biology	male	58
1969	Chemistry	male	39
1969	Computer science	male	3
1969	Economics	female	6
1969	Economics	male	13
1969	Geology	female	2
1969	Geology	male	6
1969	Materials science	male	3
1969	Mathematics	female	1
1969	Mathematics	male	37
1969	Medicine	female	3
1969	Medicine	male	59
1969	Physics	female	3
1969	Physics	male	53
1969	Psychology	female	2
1969	Psychology	male	20
1970	Biology	female	5
1970	Biology	male	72
1970	Chemistry	male	42
1970	Computer science	male	6
1970	Economics	female	7
1970	Economics	male	8
1970	Geology	female	1
1970	Geology	male	9
1970	Materials science	male	3
1970	Mathematics	female	1
1970	Mathematics	male	49
1970	Medicine	female	5
1970	Medicine	male	91
1970	Physics	male	59
1970	Political science	male	2
1970	Psychology	female	3
1970	Psychology	male	30
1971	Biology	female	3
1971	Biology	male	96
1971	Business	male	5
1971	Chemistry	male	43
1971	Computer science	male	5
1971	Economics	female	7
1971	Economics	male	16
1971	Engineering	male	1
1971	Geology	female	1
1971	Geology	male	6
1971	Materials science	male	6
1971	Mathematics	female	1
1971	Mathematics	male	44
1971	Medicine	female	8
1971	Medicine	male	88
1971	Philosophy	male	1
1971	Physics	female	1
1971	Physics	male	75
1971	Political science	male	5
1971	Psychology	female	4
1971	Psychology	male	34
1972	Biology	female	11
1972	Biology	male	97
1972	Business	male	3
1972	Chemistry	male	56
1972	Computer science	male	10
1972	Economics	female	6
1972	Economics	male	42
1972	Engineering	male	1
1972	Geology	female	1
1972	Geology	male	7
1972	Materials science	male	11
1972	Mathematics	female	2
1972	Mathematics	male	50
1972	Medicine	female	7
1972	Medicine	male	106
1972	Philosophy	male	1
1972	Physics	female	1
1972	Physics	male	107
1972	Political science	male	5
1972	Psychology	female	3
1972	Psychology	male	46
1973	Biology	female	17
1973	Biology	male	112
1973	Business	male	3
1973	Chemistry	male	49
1973	Computer science	male	13
1973	Economics	female	5
1973	Economics	male	69
1973	Engineering	male	5
1973	Geology	female	1
1973	Geology	male	10
1973	Materials science	male	30
1973	Mathematics	female	2
1973	Mathematics	male	60
1973	Medicine	female	8
1973	Medicine	male	106
1973	Philosophy	male	1
1973	Physics	female	3
1973	Physics	male	103
1973	Political science	male	5
1973	Psychology	female	3
1973	Psychology	male	55
1974	Biology	female	14
1974	Biology	male	122
1974	Business	male	1
1974	Chemistry	female	1
1974	Chemistry	male	53
1974	Computer science	male	17
1974	Economics	female	3
1974	Economics	male	88
1974	Engineering	male	5
1974	Geology	female	1
1974	Geology	male	8
1974	Materials science	male	32
1974	Mathematics	female	2
1974	Mathematics	male	62
1974	Medicine	female	9
1974	Medicine	male	114
1974	Philosophy	male	2
1974	Physics	female	7
1974	Physics	male	134
1974	Political science	female	1
1974	Political science	male	5
1974	Psychology	female	3
1974	Psychology	male	52
1975	Biology	female	20
1975	Biology	male	117
1975	Business	male	4
1975	Chemistry	male	60
1975	Computer science	female	1
1975	Computer science	male	35
1975	Economics	female	6
1975	Economics	male	93
1975	Engineering	male	17
1975	Geology	female	1
1975	Geology	male	9
1975	Materials science	female	1
1975	Materials science	male	39
1975	Mathematics	female	2
1975	Mathematics	male	72
1975	Medicine	female	10
1975	Medicine	male	125
1975	Philosophy	male	1
1975	Physics	female	3
1975	Physics	male	157
1975	Political science	female	1
1975	Political science	male	13
1975	Psychology	female	7
1975	Psychology	male	57
1976	Biology	female	16
1976	Biology	male	158
1976	Business	male	4
1976	Chemistry	female	2
1976	Chemistry	male	65
1976	Computer science	female	3
1976	Computer science	male	99
1976	Economics	female	5
1976	Economics	male	97
1976	Engineering	male	21
1976	Geology	female	2
1976	Geology	male	13
1976	Materials science	male	39
1976	Mathematics	female	3
1976	Mathematics	male	94
1976	Medicine	female	11
1976	Medicine	male	145
1976	Philosophy	male	2
1976	Physics	female	4
1976	Physics	male	172
1976	Political science	female	1
1976	Political science	male	32
1976	Psychology	female	6
1976	Psychology	male	57
1977	Biology	female	19
1977	Biology	male	226
1977	Business	female	1
1977	Business	male	7
1977	Chemistry	female	2
1977	Chemistry	male	74
1977	Computer science	female	2
1977	Computer science	male	96
1977	Economics	female	6
1977	Economics	male	111
1977	Engineering	male	26
1977	Geology	female	2
1977	Geology	male	13
1977	Materials science	male	38
1977	Mathematics	female	2
1977	Mathematics	male	115
1977	Medicine	female	12
1977	Medicine	male	151
1977	Philosophy	female	2
1977	Philosophy	male	5
1977	Physics	female	7
1977	Physics	male	216
1977	Political science	female	1
1977	Political science	male	28
1977	Psychology	female	8
1977	Psychology	male	70
1978	Biology	female	23
1978	Biology	male	320
1978	Business	female	1
1978	Business	male	7
1978	Chemistry	female	3
1978	Chemistry	male	76
1978	Computer science	female	3
1978	Computer science	male	135
1978	Economics	female	10
1978	Economics	male	117
1978	Engineering	male	57
1978	Geology	female	2
1978	Geology	male	12
1978	Materials science	male	42
1978	Mathematics	female	3
1978	Mathematics	male	123
1978	Medicine	female	13
1978	Medicine	male	161
1978	Philosophy	female	1
1978	Philosophy	male	5
1978	Physics	female	7
1978	Physics	male	256
1978	Political science	female	1
1978	Political science	male	33
1978	Psychology	female	9
1978	Psychology	male	99
1979	Biology	female	35
1979	Biology	male	351
1979	Business	female	1
1979	Business	male	7
1979	Chemistry	female	3
1979	Chemistry	male	123
1979	Computer science	female	6
1979	Computer science	male	210
1979	Economics	female	7
1979	Economics	male	138
1979	Engineering	male	85
1979	Geology	female	1
1979	Geology	male	14
1979	Materials science	male	63
1979	Mathematics	female	5
1979	Mathematics	male	154
1979	Medicine	female	17
1979	Medicine	male	194
1979	Philosophy	female	1
1979	Philosophy	male	8
1979	Physics	female	6
1979	Physics	male	282
1979	Political science	female	1
1979	Political science	male	29
1979	Psychology	female	11
1979	Psychology	male	122
1980	Biology	female	41
1980	Biology	male	429
1980	Business	female	1
1980	Business	male	6
1980	Chemistry	female	3
1980	Chemistry	male	148
1980	Computer science	female	6
1980	Computer science	male	212
1980	Economics	female	12
1980	Economics	male	148
1980	Engineering	male	96
1980	Geology	female	1
1980	Geology	male	14
1980	Materials science	female	3
1980	Materials science	male	83
1980	Mathematics	female	8
1980	Mathematics	male	159
1980	Medicine	female	23
1980	Medicine	male	206
1980	Philosophy	female	1
1980	Philosophy	male	10
1980	Physics	female	10
1980	Physics	male	334
1980	Political science	female	1
1980	Political science	male	22
1980	Psychology	female	15
1980	Psychology	male	138
1981	Biology	female	42
1981	Biology	male	493
1981	Business	female	1
1981	Business	male	8
1981	Chemistry	female	5
1981	Chemistry	male	163
1981	Computer science	female	6
1981	Computer science	male	220
1981	Economics	female	10
1981	Economics	male	172
1981	Engineering	female	1
1981	Engineering	male	110
1981	Geology	female	1
1981	Geology	male	18
1981	Materials science	female	2
1981	Materials science	male	93
1981	Mathematics	female	7
1981	Mathematics	male	186
1981	Medicine	female	24
1981	Medicine	male	205
1981	Philosophy	female	2
1981	Philosophy	male	18
1981	Physics	female	9
1981	Physics	male	356
1981	Political science	female	5
1981	Political science	male	54
1981	Psychology	female	15
1981	Psychology	male	142
1982	Biology	female	43
1982	Biology	male	545
1982	Business	female	1
1982	Business	male	5
1982	Chemistry	female	7
1982	Chemistry	male	165
1982	Computer science	female	8
1982	Computer science	male	230
1982	Economics	female	12
1982	Economics	male	215
1982	Engineering	female	2
1982	Engineering	male	120
1982	Geology	female	2
1982	Geology	male	23
1982	Materials science	female	3
1982	Materials science	male	105
1982	Mathematics	female	10
1982	Mathematics	male	177
1982	Medicine	female	26
1982	Medicine	male	260
1982	Philosophy	female	2
1982	Philosophy	male	16
1982	Physics	female	12
1982	Physics	male	426
1982	Political science	female	17
1982	Political science	male	114
1982	Psychology	female	16
1982	Psychology	male	142
1983	Biology	female	57
1983	Biology	male	595
1983	Business	female	1
1983	Business	male	3
1983	Chemistry	female	11
1983	Chemistry	male	176
1983	Computer science	female	9
1983	Computer science	male	265
1983	Economics	female	14
1983	Economics	male	242
1983	Engineering	male	138
1983	Geology	female	1
1983	Geology	male	27
1983	Materials science	female	4
1983	Materials science	male	113
1983	Mathematics	female	7
1983	Mathematics	male	179
1983	Medicine	female	37
1983	Medicine	male	261
1983	Philosophy	female	2
1983	Philosophy	male	15
1983	Physics	female	10
1983	Physics	male	478
1983	Political science	female	17
1983	Political science	male	127
1983	Psychology	female	16
1983	Psychology	male	144
1984	Biology	female	51
1984	Biology	male	691
1984	Business	female	1
1984	Business	male	20
1984	Chemistry	female	10
1984	Chemistry	male	180
1984	Computer science	female	8
1984	Computer science	male	284
1984	Economics	female	16
1984	Economics	male	277
1984	Engineering	female	3
1984	Engineering	male	192
1984	Geology	female	2
1984	Geology	male	44
1984	Materials science	female	4
1984	Materials science	male	140
1984	Mathematics	female	13
1984	Mathematics	male	241
1984	Medicine	female	50
1984	Medicine	male	304
1984	Philosophy	female	3
1984	Philosophy	male	15
1984	Physics	female	13
1984	Physics	male	495
1984	Political science	female	17
1984	Political science	male	144
1984	Psychology	female	20
1984	Psychology	male	174
1985	Biology	female	54
1985	Biology	male	761
1985	Business	female	1
1985	Business	male	22
1985	Chemistry	female	4
1985	Chemistry	male	184
1985	Computer science	female	12
1985	Computer science	male	305
1985	Economics	female	21
1985	Economics	male	291
1985	Engineering	female	5
1985	Engineering	male	236
1985	Geology	female	3
1985	Geology	male	54
1985	Materials science	female	4
1985	Materials science	male	185
1985	Mathematics	female	8
1985	Mathematics	male	238
1985	Medicine	female	49
1985	Medicine	male	324
1985	Philosophy	female	4
1985	Philosophy	male	16
1985	Physics	female	17
1985	Physics	male	595
1985	Political science	female	23
1985	Political science	male	175
1985	Psychology	female	22
1985	Psychology	male	200
1986	Biology	female	57
1986	Biology	male	796
1986	Business	female	1
1986	Business	male	20
1986	Chemistry	female	5
1986	Chemistry	male	171
1986	Computer science	female	13
1986	Computer science	male	333
1986	Economics	female	27
1986	Economics	male	339
1986	Engineering	female	5
1986	Engineering	male	222
1986	Geology	female	4
1986	Geology	male	58
1986	Materials science	female	6
1986	Materials science	male	115
1986	Mathematics	female	7
1986	Mathematics	male	276
1986	Medicine	female	57
1986	Medicine	male	401
1986	Philosophy	female	7
1986	Philosophy	male	18
1986	Physics	female	16
1986	Physics	male	582
1986	Political science	female	33
1986	Political science	male	185
1986	Psychology	female	37
1986	Psychology	male	228
1987	Biology	female	63
1987	Biology	male	810
1987	Business	female	2
1987	Business	male	18
1987	Chemistry	female	6
1987	Chemistry	male	189
1987	Computer science	female	9
1987	Computer science	male	313
1987	Economics	female	24
1987	Economics	male	345
1987	Engineering	female	4
1987	Engineering	male	226
1987	Geology	female	6
1987	Geology	male	61
1987	Materials science	female	7
1987	Materials science	male	128
1987	Mathematics	female	11
1987	Mathematics	male	299
1987	Medicine	female	64
1987	Medicine	male	385
1987	Philosophy	female	8
1987	Philosophy	male	19
1987	Physics	female	16
1987	Physics	male	579
1987	Political science	female	33
1987	Political science	male	191
1987	Psychology	female	38
1987	Psychology	male	245
1988	Biology	female	53
1988	Biology	male	859
1988	Business	female	2
1988	Business	male	31
1988	Chemistry	female	7
1988	Chemistry	male	211
1988	Computer science	female	15
1988	Computer science	male	345
1988	Economics	female	28
1988	Economics	male	389
1988	Engineering	female	4
1988	Engineering	male	216
1988	Geology	female	7
1988	Geology	male	73
1988	Materials science	female	2
1988	Materials science	male	140
1988	Mathematics	female	9
1988	Mathematics	male	317
1988	Medicine	female	73
1988	Medicine	male	449
1988	Philosophy	female	8
1988	Philosophy	male	21
1988	Physics	female	22
1988	Physics	male	632
1988	Political science	female	60
1988	Political science	male	197
1988	Psychology	female	42
1988	Psychology	male	251
1988	Sociology	female	1
1988	Sociology	male	2
1989	Biology	female	63
1989	Biology	male	922
1989	Business	female	2
1989	Business	male	34
1989	Chemistry	female	8
1989	Chemistry	male	211
1989	Computer science	female	13
1989	Computer science	male	366
1989	Economics	female	31
1989	Economics	male	429
1989	Engineering	female	7
1989	Engineering	male	236
1989	Geology	female	8
1989	Geology	male	70
1989	Materials science	female	3
1989	Materials science	male	125
1989	Mathematics	female	6
1989	Mathematics	male	364
1989	Medicine	female	86
1989	Medicine	male	483
1989	Philosophy	female	15
1989	Philosophy	male	31
1989	Physics	female	18
1989	Physics	male	642
1989	Political science	female	62
1989	Political science	male	216
1989	Psychology	female	36
1989	Psychology	male	266
1989	Sociology	female	1
1989	Sociology	male	2
1990	Biology	female	78
1990	Biology	male	1176
1990	Business	female	2
1990	Business	male	44
1990	Chemistry	female	9
1990	Chemistry	male	225
1990	Computer science	female	18
1990	Computer science	male	433
1990	Economics	female	34
1990	Economics	male	469
1990	Engineering	female	7
1990	Engineering	male	252
1990	Geology	female	9
1990	Geology	male	77
1990	Materials science	female	3
1990	Materials science	male	145
1990	Mathematics	female	15
1990	Mathematics	male	436
1990	Medicine	female	87
1990	Medicine	male	532
1990	Philosophy	female	13
1990	Philosophy	male	32
1990	Physics	female	21
1990	Physics	male	711
1990	Political science	female	54
1990	Political science	male	204
1990	Psychology	female	38
1990	Psychology	male	245
1990	Sociology	female	1
1990	Sociology	male	2
1991	Biology	female	115
1991	Biology	male	1418
1991	Business	female	2
1991	Business	male	42
1991	Chemistry	female	11
1991	Chemistry	male	281
1991	Computer science	female	21
1991	Computer science	male	478
1991	Economics	female	36
1991	Economics	male	501
1991	Engineering	female	6
1991	Engineering	male	277
1991	Geology	female	8
1991	Geology	male	85
1991	Materials science	female	7
1991	Materials science	male	154
1991	Mathematics	female	23
1991	Mathematics	male	502
1991	Medicine	female	104
1991	Medicine	male	651
1991	Philosophy	female	16
1991	Philosophy	male	34
1991	Physics	female	25
1991	Physics	male	674
1991	Political science	female	46
1991	Political science	male	200
1991	Psychology	female	47
1991	Psychology	male	269
1991	Sociology	male	2
1992	Biology	female	121
1992	Biology	male	1404
1992	Business	female	3
1992	Business	male	39
1992	Chemistry	female	14
1992	Chemistry	male	295
1992	Computer science	female	28
1992	Computer science	male	491
1992	Economics	female	51
1992	Economics	male	586
1992	Engineering	female	6
1992	Engineering	male	281
1992	Geology	female	12
1992	Geology	male	111
1992	Materials science	female	4
1992	Materials science	male	163
1992	Mathematics	female	26
1992	Mathematics	male	568
1992	Medicine	female	114
1992	Medicine	male	707
1992	Philosophy	female	15
1992	Philosophy	male	36
1992	Physics	female	27
1992	Physics	male	700
1992	Political science	female	55
1992	Political science	male	213
1992	Psychology	female	61
1992	Psychology	male	328
1992	Sociology	female	12
1992	Sociology	male	13
1993	Biology	female	113
1993	Biology	male	1480
1993	Business	female	6
1993	Business	male	54
1993	Chemistry	female	18
1993	Chemistry	male	307
1993	Computer science	female	32
1993	Computer science	male	528
1993	Economics	female	50
1993	Economics	male	637
1993	Engineering	female	9
1993	Engineering	male	322
1993	Geology	female	9
1993	Geology	male	101
1993	Materials science	female	4
1993	Materials science	male	169
1993	Mathematics	female	31
1993	Mathematics	male	566
1993	Medicine	female	131
1993	Medicine	male	791
1993	Philosophy	female	23
1993	Philosophy	male	53
1993	Physics	female	30
1993	Physics	male	777
1993	Political science	female	55
1993	Political science	male	224
1993	Psychology	female	61
1993	Psychology	male	307
1993	Sociology	female	16
1993	Sociology	male	14
1994	Biology	female	160
1994	Biology	male	1450
1994	Business	female	6
1994	Business	male	78
1994	Chemistry	female	28
1994	Chemistry	male	333
1994	Computer science	female	32
1994	Computer science	male	538
1994	Economics	female	51
1994	Economics	male	656
1994	Engineering	female	8
1994	Engineering	male	369
1994	Geology	female	16
1994	Geology	male	110
1994	Materials science	female	8
1994	Materials science	male	181
1994	Mathematics	female	33
1994	Mathematics	male	583
1994	Medicine	female	142
1994	Medicine	male	875
1994	Philosophy	female	23
1994	Philosophy	male	49
1994	Physics	female	31
1994	Physics	male	837
1994	Political science	female	61
1994	Political science	male	262
1994	Psychology	female	73
1994	Psychology	male	298
1994	Sociology	female	16
1994	Sociology	male	16
1995	Biology	female	179
1995	Biology	male	1618
1995	Business	female	7
1995	Business	male	81
1995	Chemistry	female	29
1995	Chemistry	male	482
1995	Computer science	female	28
1995	Computer science	male	546
1995	Economics	female	50
1995	Economics	male	722
1995	Engineering	female	8
1995	Engineering	male	382
1995	Geology	female	16
1995	Geology	male	111
1995	Materials science	female	9
1995	Materials science	male	170
1995	Mathematics	female	35
1995	Mathematics	male	644
1995	Medicine	female	152
1995	Medicine	male	928
1995	Philosophy	female	21
1995	Philosophy	male	44
1995	Physics	female	39
1995	Physics	male	866
1995	Political science	female	60
1995	Political science	male	268
1995	Psychology	female	72
1995	Psychology	male	287
1995	Sociology	female	9
1995	Sociology	male	12
1996	Biology	female	179
1996	Biology	male	1713
1996	Business	female	6
1996	Business	male	74
1996	Chemistry	female	35
1996	Chemistry	male	502
1996	Computer science	female	35
1996	Computer science	male	520
1996	Economics	female	47
1996	Economics	male	638
1996	Engineering	female	9
1996	Engineering	male	419
1996	Geology	female	14
1996	Geology	male	126
1996	Materials science	female	9
1996	Materials science	male	186
1996	Mathematics	female	32
1996	Mathematics	male	637
1996	Medicine	female	146
1996	Medicine	male	891
1996	Philosophy	female	21
1996	Philosophy	male	46
1996	Physics	female	47
1996	Physics	male	904
1996	Political science	female	65
1996	Political science	male	262
1996	Psychology	female	80
1996	Psychology	male	314
1996	Sociology	female	16
1996	Sociology	male	12
1997	Biology	female	177
1997	Biology	male	1545
1997	Business	female	2
1997	Business	male	56
1997	Chemistry	female	34
1997	Chemistry	male	515
1997	Computer science	female	39
1997	Computer science	male	516
1997	Economics	female	57
1997	Economics	male	693
1997	Engineering	female	13
1997	Engineering	male	428
1997	Geology	female	13
1997	Geology	male	138
1997	Materials science	female	7
1997	Materials science	male	181
1997	Mathematics	female	34
1997	Mathematics	male	634
1997	Medicine	female	153
1997	Medicine	male	921
1997	Philosophy	female	24
1997	Philosophy	male	48
1997	Physics	female	39
1997	Physics	male	847
1997	Political science	female	57
1997	Political science	male	258
1997	Psychology	female	62
1997	Psychology	male	240
1997	Sociology	female	11
1997	Sociology	male	9
1998	Biology	female	140
1998	Biology	male	1193
1998	Business	female	3
1998	Business	male	67
1998	Chemistry	female	19
1998	Chemistry	male	379
1998	Computer science	female	34
1998	Computer science	male	405
1998	Economics	female	41
1998	Economics	male	460
1998	Engineering	female	11
1998	Engineering	male	293
1998	Geology	female	9
1998	Geology	male	129
1998	Materials science	female	5
1998	Materials science	male	137
1998	Mathematics	female	22
1998	Mathematics	male	562
1998	Medicine	female	143
1998	Medicine	male	706
1998	Philosophy	female	21
1998	Philosophy	male	45
1998	Physics	female	27
1998	Physics	male	626
1998	Political science	female	40
1998	Political science	male	237
1998	Psychology	female	46
1998	Psychology	male	176
1998	Sociology	female	11
1998	Sociology	male	7
1999	Biology	female	110
1999	Biology	male	962
1999	Business	female	1
1999	Business	male	34
1999	Chemistry	female	12
1999	Chemistry	male	216
1999	Computer science	female	19
1999	Computer science	male	278
1999	Economics	female	23
1999	Economics	male	351
1999	Engineering	female	7
1999	Engineering	male	166
1999	Geology	female	4
1999	Geology	male	57
1999	Materials science	female	1
1999	Materials science	male	73
1999	Mathematics	female	12
1999	Mathematics	male	418
1999	Medicine	female	121
1999	Medicine	male	642
1999	Philosophy	female	16
1999	Philosophy	male	38
1999	Physics	female	12
1999	Physics	male	353
1999	Political science	female	34
1999	Political science	male	132
1999	Psychology	female	29
1999	Psychology	male	131
1999	Sociology	female	11
1999	Sociology	male	7
2000	Biology	female	100
2000	Biology	male	844
2000	Business	female	1
2000	Business	male	34
2000	Chemistry	female	10
2000	Chemistry	male	200
2000	Computer science	female	14
2000	Computer science	male	236
2000	Economics	female	31
2000	Economics	male	370
2000	Engineering	female	8
2000	Engineering	male	162
2000	Geology	female	4
2000	Geology	male	57
2000	Materials science	female	1
2000	Materials science	male	65
2000	Mathematics	female	6
2000	Mathematics	male	348
2000	Medicine	female	105
2000	Medicine	male	606
2000	Philosophy	female	15
2000	Philosophy	male	40
2000	Physics	female	10
2000	Physics	male	330
2000	Political science	female	22
2000	Political science	male	105
2000	Psychology	female	27
2000	Psychology	male	123
2000	Sociology	female	11
2000	Sociology	male	7
2001	Biology	female	100
2001	Biology	male	830
2001	Business	female	1
2001	Business	male	34
2001	Chemistry	female	11
2001	Chemistry	male	198
2001	Computer science	female	14
2001	Computer science	male	236
2001	Economics	female	27
2001	Economics	male	370
2001	Engineering	female	7
2001	Engineering	male	161
2001	Geology	female	3
2001	Geology	male	54
2001	Materials science	female	1
2001	Materials science	male	65
2001	Mathematics	female	6
2001	Mathematics	male	337
2001	Medicine	female	91
2001	Medicine	male	540
2001	Philosophy	female	13
2001	Philosophy	male	27
2001	Physics	female	10
2001	Physics	male	304
2001	Political science	female	22
2001	Political science	male	104
2001	Psychology	female	25
2001	Psychology	male	123
2001	Sociology	female	11
2001	Sociology	male	7
2002	Biology	female	93
2002	Biology	male	791
2002	Business	female	1
2002	Business	male	34
2002	Chemistry	female	10
2002	Chemistry	male	195
2002	Computer science	female	15
2002	Computer science	male	254
2002	Economics	female	27
2002	Economics	male	371
2002	Engineering	female	12
2002	Engineering	male	198
2002	Geology	female	3
2002	Geology	male	54
2002	Materials science	female	1
2002	Materials science	male	65
2002	Mathematics	female	6
2002	Mathematics	male	335
2002	Medicine	female	94
2002	Medicine	male	539
2002	Philosophy	female	13
2002	Philosophy	male	26
2002	Physics	female	10
2002	Physics	male	300
2002	Political science	female	22
2002	Political science	male	104
2002	Psychology	female	25
2002	Psychology	male	127
2002	Sociology	female	11
2002	Sociology	male	7
2003	Biology	female	106
2003	Biology	male	886
2003	Business	female	1
2003	Business	male	34
2003	Chemistry	female	10
2003	Chemistry	male	195
2003	Computer science	female	14
2003	Computer science	male	236
2003	Economics	female	27
2003	Economics	male	371
2003	Engineering	female	11
2003	Engineering	male	198
2003	Geology	female	3
2003	Geology	male	57
2003	Materials science	female	2
2003	Materials science	male	65
2003	Mathematics	female	6
2003	Mathematics	male	339
2003	Medicine	female	92
2003	Medicine	male	495
2003	Philosophy	female	13
2003	Philosophy	male	26
2003	Physics	female	10
2003	Physics	male	321
2003	Political science	female	22
2003	Political science	male	104
2003	Psychology	female	26
2003	Psychology	male	125
2003	Sociology	female	11
2003	Sociology	male	7
2004	Biology	female	240
2004	Biology	male	1619
2004	Business	female	8
2004	Business	male	70
2004	Chemistry	female	15
2004	Chemistry	male	281
2004	Computer science	female	21
2004	Computer science	male	384
2004	Economics	female	60
2004	Economics	male	653
2004	Engineering	female	15
2004	Engineering	male	218
2004	Geology	female	14
2004	Geology	male	137
2004	Materials science	female	1
2004	Materials science	male	71
2004	Mathematics	female	11
2004	Mathematics	male	391
2004	Medicine	female	166
2004	Medicine	male	685
2004	Philosophy	female	13
2004	Philosophy	male	26
2004	Physics	female	15
2004	Physics	male	378
2004	Political science	female	38
2004	Political science	male	119
2004	Psychology	female	44
2004	Psychology	male	153
2004	Sociology	female	19
2004	Sociology	male	9
2005	Biology	female	394
2005	Biology	male	2468
2005	Business	female	21
2005	Business	male	138
2005	Chemistry	female	17
2005	Chemistry	male	360
2005	Computer science	female	49
2005	Computer science	male	754
2005	Economics	female	111
2005	Economics	male	1002
2005	Engineering	female	16
2005	Engineering	male	262
2005	Geography	male	1
2005	Geology	female	18
2005	Geology	male	157
2005	Materials science	female	2
2005	Materials science	male	107
2005	Mathematics	female	19
2005	Mathematics	male	482
2005	Medicine	female	301
2005	Medicine	male	1159
2005	Philosophy	female	15
2005	Philosophy	male	30
2005	Physics	female	23
2005	Physics	male	402
2005	Political science	female	67
2005	Political science	male	212
2005	Psychology	female	73
2005	Psychology	male	236
2005	Sociology	female	22
2005	Sociology	male	10
2006	Biology	female	569
2006	Biology	male	3402
2006	Business	female	24
2006	Business	male	175
2006	Chemistry	female	35
2006	Chemistry	male	652
2006	Computer science	female	76
2006	Computer science	male	948
2006	Economics	female	150
2006	Economics	male	1273
2006	Engineering	female	18
2006	Engineering	male	339
2006	Geography	male	8
2006	Geology	female	31
2006	Geology	male	193
2006	Materials science	female	4
2006	Materials science	male	123
2006	Mathematics	female	31
2006	Mathematics	male	615
2006	Medicine	female	396
2006	Medicine	male	1653
2006	Philosophy	female	14
2006	Philosophy	male	30
2006	Physics	female	33
2006	Physics	male	565
2006	Political science	female	74
2006	Political science	male	246
2006	Psychology	female	121
2006	Psychology	male	345
2006	Sociology	female	22
2006	Sociology	male	11
2007	Biology	female	661
2007	Biology	male	3730
2007	Business	female	30
2007	Business	male	201
2007	Chemistry	female	43
2007	Chemistry	male	689
2007	Computer science	female	82
2007	Computer science	male	842
2007	Economics	female	168
2007	Economics	male	1246
2007	Engineering	female	19
2007	Engineering	male	456
2007	Geography	male	4
2007	Geology	female	26
2007	Geology	male	187
2007	History	female	1
2007	History	male	1
2007	Materials science	female	3
2007	Materials science	male	122
2007	Mathematics	female	43
2007	Mathematics	male	688
2007	Medicine	female	493
2007	Medicine	male	1972
2007	Philosophy	female	18
2007	Philosophy	male	40
2007	Physics	female	35
2007	Physics	male	593
2007	Political science	female	79
2007	Political science	male	271
2007	Psychology	female	146
2007	Psychology	male	385
2007	Sociology	female	19
2007	Sociology	male	10
2008	Biology	female	676
2008	Biology	male	3965
2008	Business	female	50
2008	Business	male	260
2008	Chemistry	female	50
2008	Chemistry	male	918
2008	Computer science	female	93
2008	Computer science	male	902
2008	Economics	female	207
2008	Economics	male	1449
2008	Engineering	female	29
2008	Engineering	male	559
2008	Geography	male	4
2008	Geology	female	22
2008	Geology	male	187
2008	History	female	1
2008	History	male	5
2008	Materials science	female	5
2008	Materials science	male	148
2008	Mathematics	female	60
2008	Mathematics	male	785
2008	Medicine	female	564
2008	Medicine	male	2329
2008	Philosophy	female	16
2008	Philosophy	male	44
2008	Physics	female	34
2008	Physics	male	715
2008	Political science	female	87
2008	Political science	male	256
2008	Psychology	female	192
2008	Psychology	male	420
2008	Sociology	female	17
2008	Sociology	male	10
2009	Biology	female	709
2009	Biology	male	3888
2009	Business	female	52
2009	Business	male	265
2009	Chemistry	female	55
2009	Chemistry	male	997
2009	Computer science	female	98
2009	Computer science	male	870
2009	Economics	female	240
2009	Economics	male	1513
2009	Engineering	female	25
2009	Engineering	male	537
2009	Geography	female	2
2009	Geography	male	10
2009	Geology	female	20
2009	Geology	male	175
2009	History	male	1
2009	Materials science	female	7
2009	Materials science	male	136
2009	Mathematics	female	65
2009	Mathematics	male	783
2009	Medicine	female	630
2009	Medicine	male	2860
2009	Philosophy	female	16
2009	Philosophy	male	41
2009	Physics	female	38
2009	Physics	male	730
2009	Political science	female	93
2009	Political science	male	278
2009	Psychology	female	205
2009	Psychology	male	444
2009	Sociology	female	17
2009	Sociology	male	9
2010	Biology	female	731
2010	Biology	male	3960
2010	Business	female	66
2010	Business	male	288
2010	Chemistry	female	54
2010	Chemistry	male	918
2010	Computer science	female	110
2010	Computer science	male	938
2010	Economics	female	256
2010	Economics	male	1573
2010	Engineering	female	21
2010	Engineering	male	536
2010	Geography	female	2
2010	Geography	male	10
2010	Geology	female	17
2010	Geology	male	158
2010	History	male	5
2010	Materials science	female	7
2010	Materials science	male	102
2010	Mathematics	female	65
2010	Mathematics	male	808
2010	Medicine	female	668
2010	Medicine	male	3008
2010	Philosophy	female	15
2010	Philosophy	male	40
2010	Physics	female	40
2010	Physics	male	763
2010	Political science	female	107
2010	Political science	male	309
2010	Psychology	female	226
2010	Psychology	male	488
2010	Sociology	female	27
2010	Sociology	male	16
2011	Biology	female	849
2011	Biology	male	4370
2011	Business	female	68
2011	Business	male	301
2011	Chemistry	female	64
2011	Chemistry	male	940
2011	Computer science	female	113
2011	Computer science	male	921
2011	Economics	female	297
2011	Economics	male	1663
2011	Engineering	female	26
2011	Engineering	male	571
2011	Geography	male	52
2011	Geology	female	16
2011	Geology	male	164
2011	Materials science	female	9
2011	Materials science	male	112
2011	Mathematics	female	67
2011	Mathematics	male	842
2011	Medicine	female	747
2011	Medicine	male	3402
2011	Philosophy	female	15
2011	Philosophy	male	40
2011	Physics	female	40
2011	Physics	male	803
2011	Political science	female	122
2011	Political science	male	311
2011	Psychology	female	268
2011	Psychology	male	509
2011	Sociology	female	20
2011	Sociology	male	15
2012	Biology	female	871
2012	Biology	male	4495
2012	Business	female	71
2012	Business	male	290
2012	Chemistry	female	67
2012	Chemistry	male	953
2012	Computer science	female	149
2012	Computer science	male	1009
2012	Economics	female	341
2012	Economics	male	1746
2012	Engineering	female	35
2012	Engineering	male	572
2012	Geography	female	1
2012	Geography	male	61
2012	Geology	female	18
2012	Geology	male	145
2012	History	female	1
2012	History	male	3
2012	Materials science	female	10
2012	Materials science	male	131
2012	Mathematics	female	67
2012	Mathematics	male	836
2012	Medicine	female	814
2012	Medicine	male	3574
2012	Philosophy	female	15
2012	Philosophy	male	43
2012	Physics	female	46
2012	Physics	male	836
2012	Political science	female	105
2012	Political science	male	355
2012	Psychology	female	257
2012	Psychology	male	494
2012	Sociology	female	22
2012	Sociology	male	17
2013	Biology	female	971
2013	Biology	male	4705
2013	Business	female	69
2013	Business	male	266
2013	Chemistry	female	68
2013	Chemistry	male	875
2013	Computer science	female	158
2013	Computer science	male	993
2013	Economics	female	374
2013	Economics	male	1827
2013	Engineering	female	38
2013	Engineering	male	503
2013	Geography	female	1
2013	Geography	male	55
2013	Geology	female	19
2013	Geology	male	118
2013	History	female	1
2013	History	male	5
2013	Materials science	female	10
2013	Materials science	male	124
2013	Mathematics	female	78
2013	Mathematics	male	885
2013	Medicine	female	782
2013	Medicine	male	3700
2013	Philosophy	female	15
2013	Philosophy	male	41
2013	Physics	female	54
2013	Physics	male	840
2013	Political science	female	122
2013	Political science	male	389
2013	Psychology	female	262
2013	Psychology	male	495
2013	Sociology	female	22
2013	Sociology	male	17
2014	Biology	female	874
2014	Biology	male	4086
2014	Business	female	77
2014	Business	male	289
2014	Chemistry	female	70
2014	Chemistry	male	837
2014	Computer science	female	165
2014	Computer science	male	1126
2014	Economics	female	347
2014	Economics	male	1753
2014	Engineering	female	43
2014	Engineering	male	550
2014	Geology	female	16
2014	Geology	male	111
2014	Materials science	female	13
2014	Materials science	male	145
2014	Mathematics	female	76
2014	Mathematics	male	845
2014	Medicine	female	791
2014	Medicine	male	3653
2014	Philosophy	female	18
2014	Philosophy	male	42
2014	Physics	female	68
2014	Physics	male	857
2014	Political science	female	115
2014	Political science	male	359
2014	Psychology	female	227
2014	Psychology	male	439
2014	Sociology	female	28
2014	Sociology	male	32
2015	Biology	female	944
2015	Biology	male	4419
2015	Business	female	82
2015	Business	male	309
2015	Chemistry	female	71
2015	Chemistry	male	798
2015	Computer science	female	217
2015	Computer science	male	1365
2015	Economics	female	390
2015	Economics	male	1807
2015	Engineering	female	57
2015	Engineering	male	595
2015	Geography	female	6
2015	Geography	male	15
2015	Geology	female	16
2015	Geology	male	111
2015	Materials science	female	14
2015	Materials science	male	189
2015	Mathematics	female	81
2015	Mathematics	male	866
2015	Medicine	female	844
2015	Medicine	male	3795
2015	Philosophy	female	41
2015	Philosophy	male	43
2015	Physics	female	75
2015	Physics	male	969
2015	Political science	female	124
2015	Political science	male	401
2015	Psychology	female	226
2015	Psychology	male	512
2015	Sociology	female	37
2015	Sociology	male	36
2016	Biology	female	1058
2016	Biology	male	4577
2016	Business	female	82
2016	Business	male	271
2016	Chemistry	female	103
2016	Chemistry	male	904
2016	Computer science	female	232
2016	Computer science	male	1437
2016	Economics	female	380
2016	Economics	male	1808
2016	Engineering	female	62
2016	Engineering	male	740
2016	Geography	female	6
2016	Geography	male	16
2016	Geology	female	20
2016	Geology	male	121
2016	Materials science	female	19
2016	Materials science	male	192
2016	Mathematics	female	81
2016	Mathematics	male	906
2016	Medicine	female	951
2016	Medicine	male	4135
2016	Philosophy	female	43
2016	Philosophy	male	45
2016	Physics	female	78
2016	Physics	male	961
2016	Political science	female	125
2016	Political science	male	396
2016	Psychology	female	278
2016	Psychology	male	589
2016	Sociology	female	36
2016	Sociology	male	37
2017	Biology	female	1143
2017	Biology	male	4617
2017	Business	female	55
2017	Business	male	184
2017	Chemistry	female	112
2017	Chemistry	male	939
2017	Computer science	female	244
2017	Computer science	male	1549
2017	Economics	female	430
2017	Economics	male	1913
2017	Engineering	female	85
2017	Engineering	male	784
2017	Geography	female	6
2017	Geography	male	16
2017	Geology	female	27
2017	Geology	male	133
2017	Materials science	female	20
2017	Materials science	male	212
2017	Mathematics	female	96
2017	Mathematics	male	957
2017	Medicine	female	957
2017	Medicine	male	3928
2017	Philosophy	female	42
2017	Philosophy	male	43
2017	Physics	female	97
2017	Physics	male	1083
2017	Political science	female	134
2017	Political science	male	393
2017	Psychology	female	319
2017	Psychology	male	633
2017	Sociology	female	36
2017	Sociology	male	37
2018	Biology	female	1557
2018	Biology	male	5572
2018	Business	female	58
2018	Business	male	192
2018	Chemistry	female	134
2018	Chemistry	male	1195
2018	Computer science	female	270
2018	Computer science	male	1615
2018	Economics	female	514
2018	Economics	male	2146
2018	Engineering	female	108
2018	Engineering	male	851
2018	Geography	female	8
2018	Geography	male	19
2018	Geology	female	35
2018	Geology	male	286
2018	History	male	2
2018	Materials science	female	20
2018	Materials science	male	304
2018	Mathematics	female	114
2018	Mathematics	male	1075
2018	Medicine	female	1115
2018	Medicine	male	4278
2018	Philosophy	female	108
2018	Philosophy	male	117
2018	Physics	female	96
2018	Physics	male	1145
2018	Political science	female	181
2018	Political science	male	519
2018	Psychology	female	542
2018	Psychology	male	940
2018	Sociology	female	32
2018	Sociology	male	31
2019	Art	male	1
2019	Biology	female	1350
2019	Biology	male	4853
2019	Business	female	62
2019	Business	male	172
2019	Chemistry	female	116
2019	Chemistry	male	1045
2019	Computer science	female	250
2019	Computer science	male	1423
2019	Economics	female	431
2019	Economics	male	1768
2019	Engineering	female	109
2019	Engineering	male	773
2019	Geography	female	9
2019	Geography	male	20
2019	Geology	female	47
2019	Geology	male	308
2019	History	male	1
2019	Materials science	female	20
2019	Materials science	male	366
2019	Mathematics	female	103
2019	Mathematics	male	943
2019	Medicine	female	994
2019	Medicine	male	3798
2019	Philosophy	female	105
2019	Philosophy	male	115
2019	Physics	female	93
2019	Physics	male	1019
2019	Political science	female	183
2019	Political science	male	514
2019	Psychology	female	536
2019	Psychology	male	892
2019	Sociology	female	26
2019	Sociology	male	15
