gender	Field	length
male	Medicine	29
male	Medicine	6
male	Medicine	5
male	Medicine	1
male	Medicine	14
male	Medicine	1
male	Medicine	11
male	Medicine	1
male	Medicine	1
male	Medicine	25
male	Medicine	1
male	Medicine	37
male	Medicine	1
male	Medicine	1
male	Medicine	1
female	Medicine	9
male	Medicine	1
male	Medicine	13
male	Medicine	8
male	Medicine	13
male	Medicine	31
female	Medicine	3
female	Medicine	1
female	Medicine	1
male	Medicine	2
male	Medicine	1
male	Medicine	1
male	Medicine	2
male	Medicine	4
male	Medicine	3
male	Medicine	1
male	Medicine	7
male	Medicine	1
male	Medicine	1
male	Medicine	1
male	Medicine	1
male	Medicine	1
male	Medicine	2
male	Medicine	7
male	Medicine	3
male	Medicine	6
male	Medicine	1
female	Medicine	1
male	Medicine	2
male	Medicine	1
male	Medicine	2
male	Medicine	1
male	Medicine	3
male	Medicine	2
male	Medicine	2
male	Medicine	2
male	Medicine	2
male	Medicine	2
male	Medicine	1
male	Medicine	1
male	Medicine	12
male	Medicine	3
male	Medicine	1
male	Medicine	1
male	Medicine	1
male	Medicine	1
male	Medicine	1
male	Medicine	1
male	Medicine	12
female	Medicine	1
male	Medicine	15
male	Medicine	9
male	Medicine	30
male	Medicine	3
male	Medicine	3
male	Medicine	3
male	Medicine	2
male	Medicine	13
male	Medicine	2
male	Medicine	2
male	Medicine	3
male	Medicine	3
female	Medicine	3
male	Medicine	2
male	Medicine	3
male	Medicine	11
male	Medicine	7
male	Medicine	1
male	Medicine	1
male	Medicine	3
male	Medicine	11
male	Medicine	3
male	Medicine	4
male	Medicine	14
male	Medicine	2
male	Medicine	2
male	Medicine	1
male	Medicine	1
male	Medicine	1
male	Medicine	10
male	Medicine	7
male	Medicine	1
male	Medicine	17
male	Medicine	24
male	Medicine	5
male	Medicine	6
male	Medicine	5
male	Medicine	8
male	Medicine	4
male	Medicine	10
male	Medicine	1
male	Medicine	14
male	Medicine	2
male	Medicine	6
male	Medicine	1
male	Medicine	12
male	Medicine	2
male	Medicine	1
male	Medicine	4
male	Medicine	7
male	Medicine	7
female	Medicine	7
male	Medicine	1
male	Medicine	6
male	Medicine	1
male	Medicine	1
male	Medicine	9
male	Medicine	1
male	Medicine	1
male	Medicine	14
male	Medicine	2
male	Medicine	10
male	Medicine	7
male	Medicine	1
female	Medicine	5
male	Medicine	13
female	Medicine	1
male	Medicine	8
male	Medicine	1
male	Medicine	5
female	Medicine	1
male	Medicine	3
male	Medicine	1
male	Medicine	1
male	Medicine	1
male	Medicine	1
male	Medicine	3
male	Medicine	25
male	Medicine	8
male	Medicine	4
male	Medicine	1
male	Medicine	3
male	Medicine	2
male	Medicine	13
male	Medicine	21
male	Medicine	3
male	Medicine	1
male	Medicine	1
male	Medicine	1
male	Medicine	1
female	Medicine	13
male	Medicine	10
female	Medicine	1
female	Medicine	21
female	Medicine	14
male	Medicine	2
male	Medicine	10
male	Medicine	7
male	Medicine	5
female	Medicine	2
male	Medicine	1
male	Medicine	6
male	Medicine	2
male	Medicine	1
male	Medicine	1
male	Medicine	4
male	Medicine	1
male	Medicine	1
male	Medicine	4
female	Medicine	1
female	Medicine	2
female	Medicine	2
male	Medicine	2
female	Medicine	2
male	Medicine	2
male	Medicine	1
male	Medicine	2
male	Medicine	2
female	Medicine	2
male	Medicine	2
male	Medicine	1
male	Medicine	2
male	Medicine	2
male	Medicine	2
female	Medicine	2
female	Medicine	2
male	Medicine	2
female	Medicine	2
female	Medicine	2
male	Medicine	2
male	Medicine	2
male	Medicine	2
male	Medicine	2
female	Medicine	2
male	Medicine	2
male	Medicine	2
male	Medicine	2
female	Medicine	2
female	Medicine	2
female	Medicine	2
male	Medicine	2
female	Medicine	2
female	Medicine	2
female	Medicine	2
female	Medicine	2
female	Medicine	2
female	Medicine	2
male	Medicine	1
female	Medicine	2
female	Medicine	2
female	Medicine	2
female	Medicine	1
male	Medicine	1
female	Medicine	2
female	Medicine	2
male	Medicine	1
male	Medicine	14
male	Medicine	1
male	Medicine	2
male	Medicine	2
male	Medicine	2
female	Medicine	2
female	Medicine	2
female	Medicine	2
female	Medicine	1
female	Medicine	2
female	Medicine	2
male	Medicine	2
male	Medicine	2
female	Medicine	2
female	Medicine	2
male	Medicine	1
male	Medicine	2
male	Medicine	2
female	Medicine	2
female	Medicine	2
male	Medicine	4
male	Medicine	1
male	Medicine	17
male	Medicine	5
male	Medicine	1
male	Medicine	2
male	Medicine	6
male	Medicine	1
male	Medicine	4
male	Medicine	7
male	Medicine	2
male	Medicine	8
male	Medicine	1
male	Medicine	2
male	Medicine	5
male	Medicine	3
male	Medicine	3
male	Medicine	3
male	Medicine	3
male	Medicine	2
male	Medicine	3
male	Medicine	3
male	Medicine	3
male	Medicine	3
male	Medicine	3
male	Medicine	3
male	Medicine	3
male	Medicine	3
male	Medicine	1
male	Medicine	2
male	Medicine	3
male	Medicine	1
male	Medicine	2
male	Medicine	3
male	Medicine	3
male	Medicine	2
male	Medicine	3
male	Medicine	2
male	Medicine	3
male	Medicine	2
male	Medicine	1
male	Medicine	3
male	Medicine	1
male	Medicine	2
male	Medicine	1
male	Medicine	3
male	Medicine	3
male	Medicine	3
male	Medicine	3
male	Medicine	3
male	Medicine	3
male	Medicine	3
male	Medicine	2
male	Medicine	3
male	Medicine	3
male	Medicine	3
male	Medicine	3
male	Medicine	3
male	Medicine	2
female	Medicine	1
male	Medicine	46
male	Medicine	2
male	Medicine	44
male	Medicine	12
female	Medicine	1
male	Medicine	1
male	Medicine	9
male	Medicine	4
male	Medicine	2
male	Medicine	1
male	Medicine	3
male	Medicine	10
male	Medicine	1
male	Medicine	4
male	Medicine	3
male	Medicine	1
male	Medicine	1
male	Medicine	3
male	Medicine	5
male	Medicine	1
male	Medicine	10
male	Medicine	5
female	Medicine	1
male	Medicine	2
male	Medicine	14
male	Medicine	1
male	Medicine	18
male	Medicine	1
male	Medicine	3
male	Medicine	5
male	Medicine	4
male	Medicine	3
male	Medicine	11
male	Medicine	12
male	Medicine	3
male	Medicine	3
male	Medicine	1
male	Medicine	21
male	Medicine	4
male	Medicine	3
male	Medicine	5
male	Medicine	6
male	Medicine	1
male	Medicine	1
male	Medicine	1
male	Medicine	1
male	Medicine	12
male	Medicine	6
male	Medicine	2
male	Medicine	1
male	Medicine	1
male	Medicine	4
male	Medicine	4
male	Medicine	32
male	Medicine	15
male	Medicine	5
male	Medicine	11
male	Medicine	11
male	Medicine	11
male	Medicine	2
male	Medicine	3
male	Medicine	2
male	Medicine	1
male	Medicine	5
male	Medicine	2
male	Medicine	10
male	Medicine	3
male	Medicine	37
female	Medicine	3
male	Medicine	5
male	Medicine	1
male	Medicine	6
female	Medicine	1
male	Medicine	1
female	Medicine	2
male	Medicine	1
female	Medicine	1
male	Medicine	2
male	Medicine	4
male	Medicine	20
male	Medicine	6
female	Medicine	6
male	Medicine	2
male	Medicine	1
male	Medicine	1
male	Medicine	17
male	Medicine	2
male	Medicine	1
male	Medicine	11
male	Medicine	1
male	Medicine	6
female	Medicine	1
female	Medicine	1
female	Medicine	1
female	Medicine	1
male	Medicine	1
male	Medicine	1
female	Medicine	1
female	Medicine	1
male	Medicine	1
male	Medicine	11
male	Medicine	1
male	Medicine	6
male	Medicine	2
male	Medicine	2
male	Medicine	7
female	Medicine	11
male	Medicine	10
male	Medicine	2
male	Medicine	9
male	Medicine	2
male	Medicine	4
male	Medicine	6
male	Medicine	2
male	Medicine	9
male	Medicine	1
male	Medicine	12
male	Medicine	2
male	Medicine	3
male	Medicine	7
male	Medicine	11
male	Medicine	5
male	Medicine	6
female	Medicine	1
male	Medicine	1
male	Medicine	7
male	Medicine	1
male	Medicine	1
male	Medicine	4
male	Medicine	20
male	Medicine	1
male	Medicine	1
male	Medicine	6
female	Medicine	1
male	Medicine	1
male	Medicine	14
male	Medicine	6
male	Medicine	4
male	Medicine	1
male	Medicine	1
male	Medicine	10
male	Medicine	3
male	Medicine	2
male	Medicine	7
male	Medicine	10
male	Medicine	1
male	Medicine	2
male	Medicine	2
male	Medicine	5
male	Medicine	5
male	Medicine	10
male	Medicine	3
male	Medicine	8
female	Medicine	6
female	Medicine	5
female	Medicine	11
male	Medicine	2
male	Medicine	1
male	Medicine	1
female	Medicine	5
male	Medicine	7
male	Medicine	2
male	Medicine	2
male	Medicine	1
male	Medicine	10
male	Medicine	5
male	Medicine	2
male	Medicine	5
male	Medicine	3
male	Medicine	1
male	Medicine	1
male	Medicine	1
male	Medicine	1
male	Medicine	1
male	Medicine	1
male	Medicine	1
male	Medicine	1
male	Medicine	1
male	Medicine	1
female	Medicine	1
female	Medicine	1
male	Medicine	1
male	Medicine	9
male	Medicine	4
female	Medicine	1
female	Medicine	3
male	Medicine	3
male	Medicine	1
male	Medicine	5
male	Medicine	3
male	Medicine	5
male	Medicine	4
female	Medicine	4
male	Medicine	4
male	Medicine	4
male	Medicine	1
male	Medicine	4
male	Medicine	4
female	Medicine	3
male	Medicine	2
male	Medicine	4
male	Medicine	4
male	Medicine	1
male	Medicine	13
female	Medicine	4
male	Medicine	4
male	Medicine	4
male	Medicine	4
female	Medicine	1
male	Medicine	2
male	Medicine	2
male	Medicine	1
male	Medicine	1
male	Medicine	5
male	Medicine	5
male	Medicine	5
male	Medicine	5
male	Medicine	5
male	Medicine	5
male	Medicine	5
male	Medicine	5
male	Medicine	5
male	Medicine	5
male	Medicine	5
male	Medicine	1
male	Medicine	5
male	Medicine	5
male	Medicine	5
male	Medicine	5
male	Medicine	10
male	Medicine	1
male	Medicine	4
female	Medicine	1
male	Medicine	8
male	Medicine	5
male	Medicine	1
male	Medicine	2
male	Medicine	11
male	Medicine	11
male	Medicine	4
male	Medicine	2
female	Medicine	1
female	Medicine	2
female	Medicine	1
male	Medicine	1
male	Medicine	4
male	Medicine	2
male	Medicine	5
male	Medicine	1
male	Medicine	1
male	Medicine	7
male	Medicine	5
male	Medicine	2
male	Medicine	4
male	Medicine	2
male	Medicine	2
male	Medicine	1
male	Medicine	1
male	Medicine	7
male	Medicine	2
male	Medicine	4
male	Medicine	4
male	Medicine	1
male	Medicine	6
male	Medicine	1
male	Medicine	2
male	Medicine	2
male	Medicine	3
male	Medicine	1
male	Medicine	13
male	Medicine	1
male	Medicine	9
male	Medicine	3
male	Medicine	4
female	Medicine	2
male	Medicine	4
male	Medicine	6
male	Medicine	9
female	Medicine	3
male	Medicine	22
male	Medicine	23
male	Medicine	7
male	Medicine	5
male	Medicine	1
male	Medicine	4
male	Medicine	20
male	Medicine	19
male	Medicine	4
male	Medicine	15
female	Medicine	4
male	Medicine	1
male	Medicine	4
male	Medicine	3
female	Medicine	4
male	Medicine	1
male	Medicine	9
male	Medicine	5
female	Medicine	5
male	Medicine	5
male	Medicine	13
male	Medicine	2
female	Medicine	2
male	Medicine	8
female	Medicine	3
male	Medicine	7
male	Medicine	7
male	Medicine	2
male	Medicine	6
male	Medicine	3
female	Medicine	4
male	Medicine	8
female	Medicine	2
male	Medicine	4
male	Medicine	2
male	Medicine	7
female	Medicine	2
female	Medicine	7
male	Medicine	2
male	Medicine	7
male	Medicine	3
female	Medicine	4
male	Medicine	2
male	Medicine	9
female	Medicine	2
male	Medicine	4
male	Medicine	4
male	Medicine	4
male	Medicine	1
male	Medicine	8
female	Medicine	5
female	Medicine	4
female	Medicine	4
male	Medicine	4
female	Medicine	4
male	Medicine	6
male	Medicine	6
male	Medicine	6
male	Medicine	2
male	Medicine	8
male	Medicine	2
male	Medicine	5
male	Medicine	4
male	Medicine	2
male	Medicine	1
male	Medicine	1
male	Medicine	1
male	Medicine	5
male	Medicine	1
male	Medicine	1
female	Medicine	14
male	Medicine	5
male	Medicine	8
male	Medicine	2
male	Medicine	4
male	Medicine	6
male	Medicine	2
male	Medicine	2
male	Medicine	2
male	Medicine	5
male	Medicine	2
male	Medicine	7
male	Medicine	4
male	Medicine	2
male	Medicine	6
male	Medicine	4
male	Medicine	6
male	Medicine	4
male	Medicine	8
male	Medicine	2
male	Medicine	3
male	Medicine	2
male	Medicine	3
male	Medicine	3
male	Medicine	3
male	Medicine	3
male	Medicine	3
male	Medicine	3
male	Medicine	3
male	Medicine	1
male	Medicine	3
male	Medicine	3
male	Medicine	3
male	Medicine	3
male	Medicine	3
male	Medicine	3
male	Medicine	3
female	Medicine	3
male	Medicine	3
male	Medicine	3
male	Medicine	3
male	Medicine	3
male	Medicine	3
male	Medicine	3
male	Medicine	3
male	Medicine	3
male	Medicine	3
male	Medicine	3
male	Medicine	3
male	Medicine	3
male	Medicine	3
male	Medicine	1
male	Medicine	6
male	Medicine	1
male	Medicine	1
male	Medicine	6
male	Medicine	1
male	Medicine	1
female	Medicine	1
male	Medicine	1
male	Medicine	4
male	Medicine	2
male	Medicine	1
male	Medicine	8
male	Medicine	2
male	Medicine	2
male	Medicine	2
male	Medicine	1
male	Medicine	2
male	Medicine	2
female	Medicine	1
male	Medicine	4
male	Medicine	13
male	Medicine	1
male	Medicine	15
male	Medicine	13
female	Medicine	2
female	Medicine	1
female	Medicine	1
male	Medicine	9
male	Medicine	8
male	Medicine	2
male	Medicine	14
male	Medicine	2
male	Medicine	3
male	Medicine	3
male	Medicine	12
male	Medicine	2
male	Medicine	11
male	Medicine	4
female	Medicine	4
female	Medicine	4
female	Medicine	2
male	Medicine	4
male	Medicine	1
male	Medicine	4
male	Medicine	2
male	Medicine	4
male	Medicine	3
male	Medicine	4
male	Medicine	4
male	Medicine	10
male	Medicine	5
female	Medicine	4
male	Medicine	1
male	Medicine	1
male	Medicine	1
male	Medicine	6
male	Medicine	14
male	Medicine	2
male	Medicine	15
male	Medicine	1
male	Medicine	4
female	Medicine	2
male	Medicine	2
male	Medicine	11
female	Medicine	2
male	Medicine	11
male	Medicine	5
male	Medicine	4
male	Medicine	7
male	Medicine	2
male	Medicine	1
female	Medicine	3
female	Medicine	3
female	Medicine	3
female	Medicine	4
male	Medicine	1
male	Medicine	4
female	Medicine	1
female	Medicine	1
male	Medicine	1
male	Medicine	3
male	Medicine	3
male	Medicine	4
male	Medicine	1
male	Medicine	1
male	Medicine	1
male	Medicine	1
male	Medicine	1
male	Medicine	1
male	Medicine	1
female	Medicine	1
male	Medicine	2
female	Medicine	1
male	Medicine	4
male	Medicine	6
male	Medicine	5
female	Medicine	1
male	Medicine	4
male	Medicine	4
female	Medicine	1
female	Medicine	1
female	Medicine	1
male	Medicine	1
female	Medicine	1
male	Medicine	1
male	Medicine	1
female	Medicine	1
male	Medicine	1
male	Medicine	1
male	Medicine	1
female	Medicine	1
female	Medicine	1
male	Medicine	1
male	Medicine	1
female	Medicine	5
male	Medicine	9
male	Medicine	2
male	Medicine	4
male	Medicine	2
male	Medicine	6
male	Medicine	8
male	Medicine	8
male	Medicine	2
male	Medicine	8
male	Medicine	8
male	Medicine	8
male	Medicine	8
male	Medicine	2
male	Medicine	1
male	Medicine	8
male	Medicine	6
male	Medicine	8
male	Medicine	8
male	Medicine	6
male	Medicine	1
male	Medicine	2
male	Medicine	8
male	Medicine	2
male	Medicine	6
male	Medicine	2
male	Medicine	6
male	Medicine	8
male	Medicine	2
male	Medicine	3
male	Medicine	8
male	Medicine	3
male	Medicine	2
male	Medicine	8
male	Medicine	1
male	Medicine	2
male	Medicine	6
male	Medicine	8
male	Medicine	1
male	Medicine	6
male	Medicine	6
male	Medicine	8
female	Medicine	3
male	Medicine	8
male	Medicine	6
male	Medicine	8
male	Medicine	8
male	Medicine	8
male	Medicine	8
male	Medicine	2
male	Medicine	8
male	Medicine	8
male	Medicine	1
male	Medicine	3
male	Medicine	5
male	Medicine	4
male	Medicine	8
male	Medicine	7
male	Medicine	4
female	Medicine	4
male	Medicine	4
male	Medicine	4
male	Medicine	11
male	Medicine	10
male	Medicine	1
male	Medicine	4
male	Medicine	4
male	Medicine	1
male	Medicine	2
male	Medicine	4
male	Medicine	8
male	Medicine	4
male	Medicine	2
male	Medicine	8
male	Medicine	6
male	Medicine	2
male	Medicine	4
male	Medicine	3
male	Medicine	1
male	Medicine	12
male	Medicine	1
male	Medicine	2
male	Medicine	1
male	Medicine	4
male	Medicine	11
male	Medicine	9
male	Medicine	2
male	Medicine	2
male	Medicine	8
male	Medicine	1
male	Medicine	5
female	Medicine	5
male	Medicine	1
male	Medicine	1
male	Medicine	1
female	Medicine	2
male	Medicine	1
male	Medicine	1
male	Medicine	1
female	Medicine	7
male	Medicine	4
male	Medicine	4
male	Medicine	8
male	Medicine	6
male	Medicine	6
male	Medicine	1
female	Medicine	4
female	Medicine	4
female	Medicine	1
male	Medicine	4
male	Medicine	4
male	Medicine	1
female	Medicine	4
male	Medicine	4
male	Medicine	4
male	Medicine	6
male	Medicine	1
male	Medicine	4
female	Medicine	4
male	Medicine	1
male	Medicine	12
male	Medicine	1
male	Medicine	1
male	Medicine	1
male	Medicine	1
male	Medicine	1
male	Medicine	1
male	Medicine	1
male	Medicine	1
male	Medicine	1
male	Medicine	1
male	Medicine	1
male	Medicine	1
male	Medicine	4
male	Medicine	1
male	Medicine	6
male	Medicine	6
male	Medicine	6
male	Medicine	6
male	Medicine	6
male	Medicine	6
male	Medicine	1
male	Medicine	1
male	Medicine	1
male	Medicine	4
male	Medicine	7
male	Medicine	2
male	Medicine	1
male	Medicine	3
male	Medicine	2
male	Medicine	1
male	Medicine	1
male	Medicine	2
male	Medicine	3
male	Medicine	1
male	Medicine	5
male	Medicine	1
male	Medicine	1
male	Medicine	7
male	Medicine	6
male	Medicine	2
male	Medicine	1
male	Medicine	2
female	Medicine	1
male	Medicine	1
male	Medicine	1
male	Medicine	1
male	Medicine	2
male	Medicine	1
male	Medicine	1
female	Medicine	1
male	Medicine	1
male	Medicine	1
male	Medicine	1
male	Medicine	1
male	Medicine	1
male	Medicine	1
male	Medicine	1
male	Medicine	3
male	Medicine	3
male	Medicine	2
male	Medicine	2
female	Medicine	1
male	Medicine	2
male	Medicine	1
male	Medicine	4
male	Medicine	1
female	Medicine	1
male	Medicine	1
male	Medicine	1
female	Medicine	1
male	Medicine	1
male	Medicine	4
male	Medicine	1
male	Medicine	4
male	Medicine	4
female	Medicine	4
male	Medicine	3
male	Medicine	1
male	Medicine	1
male	Medicine	4
female	Medicine	1
male	Medicine	1
female	Medicine	1
male	Medicine	1
female	Medicine	1
male	Medicine	1
male	Medicine	4
male	Medicine	1
male	Medicine	1
male	Medicine	4
male	Medicine	4
male	Medicine	1
male	Medicine	3
male	Medicine	3
male	Medicine	7
male	Medicine	4
female	Medicine	1
female	Medicine	1
male	Medicine	1
male	Medicine	1
female	Medicine	1
female	Medicine	2
female	Medicine	2
female	Medicine	1
male	Medicine	1
female	Medicine	2
male	Medicine	1
male	Medicine	1
male	Medicine	2
male	Medicine	2
male	Medicine	1
male	Medicine	1
male	Medicine	2
male	Medicine	3
male	Medicine	3
male	Medicine	4
male	Medicine	1
male	Medicine	3
female	Medicine	5
male	Medicine	6
female	Medicine	5
male	Medicine	3
male	Medicine	3
male	Medicine	3
male	Medicine	3
male	Medicine	3
male	Medicine	2
male	Medicine	2
male	Medicine	2
male	Medicine	2
male	Medicine	2
male	Medicine	2
female	Medicine	2
female	Medicine	2
male	Medicine	1
male	Medicine	3
male	Medicine	4
male	Medicine	2
male	Medicine	2
male	Medicine	2
male	Medicine	4
female	Medicine	4
female	Medicine	1
male	Medicine	1
male	Medicine	1
male	Medicine	3
male	Medicine	2
male	Biology	1
male	Biology	5
female	Biology	2
male	Biology	2
male	Biology	2
male	Biology	2
male	Biology	2
male	Biology	2
female	Biology	1
female	Biology	3
male	Biology	1
male	Biology	3
male	Biology	2
male	Biology	2
female	Biology	7
male	Biology	6
male	Biology	9
male	Biology	1
male	Biology	1
male	Biology	8
male	Biology	8
male	Biology	1
male	Biology	1
male	Biology	1
male	Biology	7
male	Biology	6
male	Biology	2
male	Biology	1
male	Biology	3
male	Biology	1
male	Biology	2
male	Biology	7
male	Biology	1
male	Biology	10
male	Biology	1
male	Biology	10
male	Biology	6
male	Biology	2
male	Biology	9
male	Biology	1
male	Biology	4
male	Biology	6
male	Biology	3
male	Biology	41
male	Biology	1
male	Biology	1
male	Biology	3
male	Biology	1
male	Biology	1
male	Biology	2
male	Biology	3
male	Biology	7
male	Biology	6
male	Biology	5
female	Biology	1
male	Biology	1
male	Biology	1
male	Biology	5
male	Biology	2
male	Biology	1
male	Biology	5
male	Biology	2
female	Biology	3
male	Biology	1
male	Biology	6
male	Biology	3
male	Biology	4
male	Biology	1
male	Biology	1
male	Biology	1
male	Biology	18
male	Biology	1
male	Biology	3
male	Biology	5
male	Biology	1
male	Biology	2
male	Biology	1
male	Biology	7
female	Biology	1
male	Biology	21
male	Biology	5
male	Biology	1
male	Biology	1
male	Biology	1
male	Biology	1
male	Biology	15
male	Biology	3
male	Biology	1
male	Biology	26
male	Biology	15
male	Biology	1
male	Biology	2
male	Biology	7
male	Biology	1
male	Biology	2
male	Biology	9
male	Biology	1
female	Biology	1
male	Biology	7
male	Biology	5
female	Biology	6
male	Biology	8
male	Biology	3
male	Biology	2
male	Biology	14
male	Biology	9
male	Biology	1
male	Biology	3
female	Biology	1
male	Biology	1
male	Biology	2
female	Biology	1
male	Biology	3
male	Biology	3
male	Biology	2
male	Biology	3
male	Biology	3
male	Biology	1
male	Biology	1
male	Biology	1
male	Biology	1
male	Biology	17
male	Biology	7
male	Biology	1
male	Biology	2
male	Biology	22
male	Biology	4
male	Biology	7
male	Biology	1
male	Biology	3
male	Biology	8
male	Biology	14
male	Biology	1
male	Biology	1
male	Biology	1
male	Biology	1
male	Biology	1
male	Biology	12
male	Biology	2
male	Biology	5
male	Biology	1
female	Biology	3
male	Biology	1
male	Biology	3
male	Biology	1
male	Biology	2
male	Biology	3
female	Biology	4
female	Biology	11
male	Biology	15
male	Biology	20
male	Biology	2
male	Biology	11
female	Biology	15
male	Biology	10
male	Biology	6
female	Biology	1
female	Biology	14
female	Biology	7
male	Biology	1
male	Biology	11
male	Biology	2
male	Biology	27
male	Biology	2
male	Biology	3
female	Biology	3
male	Biology	1
male	Biology	2
male	Biology	2
male	Biology	3
female	Biology	2
male	Biology	2
male	Biology	2
male	Biology	3
female	Biology	2
male	Biology	2
male	Biology	2
male	Biology	2
male	Biology	2
male	Biology	12
female	Biology	2
male	Biology	3
male	Biology	2
male	Biology	2
male	Biology	2
male	Biology	2
male	Biology	2
male	Biology	3
female	Biology	2
male	Biology	3
male	Biology	2
female	Biology	2
male	Biology	3
male	Biology	2
male	Biology	9
female	Biology	2
male	Biology	2
male	Biology	2
male	Biology	3
female	Biology	2
male	Biology	2
female	Biology	3
male	Biology	2
male	Biology	3
female	Biology	2
male	Biology	3
male	Biology	2
male	Biology	3
female	Biology	2
male	Biology	2
male	Biology	2
male	Biology	2
male	Biology	2
male	Biology	2
male	Biology	2
male	Biology	2
male	Biology	2
male	Biology	3
male	Biology	1
male	Biology	1
male	Biology	9
male	Biology	3
male	Biology	2
male	Biology	3
male	Biology	2
male	Biology	7
female	Biology	3
male	Biology	3
male	Biology	2
male	Biology	3
male	Biology	3
male	Biology	1
male	Biology	2
male	Biology	2
male	Biology	2
male	Biology	1
male	Biology	3
male	Biology	2
male	Biology	2
male	Biology	2
male	Biology	2
male	Biology	2
male	Biology	2
male	Biology	2
male	Biology	2
male	Biology	1
male	Biology	2
male	Biology	2
male	Biology	3
male	Biology	6
male	Biology	5
male	Biology	5
male	Biology	4
male	Biology	2
male	Biology	1
male	Biology	4
male	Biology	1
male	Biology	2
male	Biology	28
male	Biology	4
male	Biology	1
male	Biology	11
female	Biology	4
male	Biology	4
male	Biology	9
male	Biology	10
male	Biology	7
male	Biology	34
male	Biology	3
male	Biology	3
male	Biology	1
male	Biology	5
male	Biology	1
male	Biology	2
male	Biology	2
male	Biology	7
male	Biology	7
male	Biology	5
male	Biology	4
male	Biology	2
male	Biology	1
male	Biology	1
male	Biology	5
male	Biology	3
male	Biology	5
male	Biology	1
male	Biology	2
male	Biology	2
male	Biology	6
male	Biology	2
male	Biology	1
male	Biology	1
male	Biology	2
male	Biology	1
male	Biology	1
male	Biology	1
male	Biology	3
male	Biology	4
male	Biology	3
male	Biology	9
male	Biology	1
male	Biology	1
male	Biology	1
male	Biology	1
male	Biology	2
male	Biology	4
male	Biology	1
female	Biology	1
male	Biology	1
female	Biology	1
male	Biology	1
male	Biology	1
male	Biology	1
male	Biology	1
male	Biology	1
male	Biology	1
female	Biology	1
male	Biology	1
male	Biology	1
male	Biology	1
female	Biology	1
male	Biology	1
female	Biology	1
male	Biology	1
male	Biology	1
male	Biology	1
female	Biology	1
male	Biology	1
female	Biology	1
male	Biology	1
male	Biology	1
male	Biology	1
male	Biology	1
male	Biology	1
male	Biology	1
male	Biology	1
male	Biology	1
male	Biology	1
male	Biology	1
male	Biology	1
male	Biology	1
male	Biology	1
male	Biology	1
male	Biology	1
female	Biology	1
male	Biology	1
male	Biology	1
male	Biology	4
male	Biology	1
male	Biology	1
male	Biology	1
female	Biology	1
male	Biology	1
male	Biology	1
male	Biology	1
male	Biology	5
male	Biology	1
female	Biology	1
male	Biology	1
male	Biology	1
male	Biology	1
male	Biology	1
male	Biology	2
female	Biology	1
female	Biology	1
female	Biology	1
female	Biology	1
female	Biology	1
male	Biology	1
male	Biology	1
male	Biology	1
male	Biology	1
male	Biology	1
male	Biology	1
male	Biology	1
male	Biology	1
male	Biology	1
male	Biology	1
male	Biology	1
male	Biology	1
female	Biology	1
male	Biology	1
male	Biology	1
female	Biology	1
male	Biology	1
female	Biology	1
male	Biology	1
female	Biology	1
female	Biology	1
female	Biology	1
male	Biology	1
female	Biology	1
male	Biology	1
male	Biology	20
male	Biology	1
male	Biology	6
male	Biology	1
male	Biology	1
male	Biology	1
male	Biology	9
male	Biology	3
male	Biology	1
male	Biology	1
male	Biology	6
female	Biology	1
male	Biology	2
male	Biology	1
male	Biology	2
male	Biology	2
male	Biology	1
male	Biology	1
male	Biology	1
male	Biology	1
male	Biology	3
male	Biology	9
male	Biology	1
male	Biology	6
female	Biology	1
female	Biology	4
female	Biology	1
male	Biology	6
male	Biology	1
male	Biology	2
male	Biology	12
male	Biology	1
male	Biology	1
female	Biology	1
male	Biology	2
male	Biology	4
male	Biology	1
male	Biology	2
male	Biology	1
male	Biology	3
male	Biology	4
male	Biology	1
male	Biology	4
male	Biology	1
male	Biology	1
male	Biology	8
female	Biology	2
male	Biology	2
male	Biology	6
male	Biology	20
male	Biology	1
male	Biology	5
male	Biology	22
female	Biology	4
male	Biology	1
male	Biology	2
male	Biology	6
male	Biology	10
male	Biology	10
male	Biology	2
male	Biology	5
male	Biology	2
male	Biology	8
male	Biology	2
male	Biology	8
male	Biology	1
male	Biology	19
male	Biology	2
male	Biology	13
male	Biology	1
male	Biology	13
male	Biology	1
male	Biology	2
male	Biology	6
male	Biology	14
male	Biology	2
male	Biology	6
male	Biology	1
male	Biology	1
male	Biology	1
male	Biology	7
male	Biology	1
male	Biology	31
male	Biology	1
male	Biology	1
male	Biology	1
male	Biology	19
male	Biology	13
male	Biology	4
male	Biology	7
male	Biology	4
male	Biology	1
male	Biology	1
male	Biology	4
male	Biology	9
male	Biology	7
male	Biology	1
male	Biology	11
female	Biology	1
male	Biology	3
male	Biology	1
male	Biology	1
male	Biology	1
male	Biology	1
male	Biology	1
male	Biology	1
male	Biology	1
male	Biology	2
male	Biology	11
male	Biology	17
male	Biology	1
male	Biology	1
male	Biology	1
male	Biology	1
male	Biology	1
male	Biology	1
male	Biology	1
male	Biology	1
male	Biology	3
male	Biology	1
female	Biology	2
female	Biology	7
male	Biology	3
male	Biology	4
male	Biology	3
male	Biology	3
female	Biology	1
male	Biology	6
male	Biology	13
male	Biology	9
male	Biology	5
male	Biology	2
female	Biology	1
male	Biology	7
male	Biology	1
male	Biology	8
male	Biology	3
male	Biology	2
male	Biology	4
male	Biology	1
male	Biology	2
male	Biology	20
male	Biology	1
male	Biology	9
male	Biology	1
female	Biology	3
male	Biology	2
male	Biology	2
male	Biology	6
male	Biology	2
male	Biology	1
male	Biology	2
male	Biology	3
male	Biology	2
male	Biology	3
male	Biology	4
male	Biology	1
male	Biology	2
male	Biology	5
male	Biology	1
male	Biology	1
male	Biology	1
male	Biology	3
male	Biology	1
male	Biology	2
male	Biology	19
male	Biology	1
male	Biology	3
male	Biology	3
male	Biology	3
male	Biology	3
male	Biology	7
male	Biology	2
male	Biology	2
male	Biology	2
male	Biology	1
male	Biology	1
male	Biology	1
male	Biology	3
male	Biology	1
male	Biology	1
male	Biology	4
male	Biology	3
male	Biology	1
male	Biology	3
male	Biology	5
male	Biology	13
male	Biology	2
male	Biology	11
male	Biology	2
male	Biology	1
male	Biology	16
male	Biology	4
female	Biology	4
male	Biology	2
male	Biology	4
male	Biology	9
male	Biology	8
male	Biology	7
male	Biology	12
male	Biology	1
female	Biology	5
male	Biology	12
male	Biology	3
male	Biology	4
male	Biology	2
male	Biology	1
male	Biology	1
female	Biology	1
male	Biology	1
male	Biology	1
male	Biology	1
male	Biology	1
male	Biology	1
male	Biology	1
male	Biology	1
male	Biology	1
female	Biology	1
male	Biology	1
male	Biology	2
male	Biology	28
female	Biology	1
male	Biology	3
male	Biology	15
male	Biology	1
male	Biology	1
male	Biology	7
male	Biology	5
male	Biology	2
male	Biology	2
male	Biology	2
male	Biology	1
male	Biology	19
male	Biology	2
male	Biology	4
male	Biology	1
male	Biology	4
male	Biology	15
male	Biology	3
male	Biology	2
male	Biology	13
male	Biology	1
female	Biology	4
female	Biology	1
male	Biology	1
male	Biology	1
male	Biology	1
male	Biology	1
male	Biology	1
female	Biology	1
female	Biology	1
male	Biology	1
male	Biology	1
male	Biology	1
female	Biology	1
male	Biology	1
female	Biology	1
male	Biology	1
male	Biology	1
male	Biology	3
male	Biology	25
male	Biology	4
male	Biology	1
male	Biology	3
male	Biology	26
male	Biology	1
male	Biology	2
male	Biology	21
male	Biology	1
male	Biology	8
male	Biology	12
male	Biology	1
male	Biology	8
male	Biology	2
male	Biology	2
male	Biology	1
male	Biology	2
female	Biology	2
male	Biology	2
male	Biology	2
female	Biology	2
male	Biology	1
female	Biology	2
female	Biology	2
male	Biology	2
male	Biology	2
male	Biology	2
female	Biology	2
male	Biology	2
male	Biology	2
male	Biology	2
male	Biology	2
male	Biology	2
male	Biology	2
female	Biology	2
male	Biology	2
male	Biology	2
male	Biology	2
female	Biology	2
female	Biology	2
male	Biology	1
male	Biology	1
male	Biology	2
male	Biology	2
male	Biology	1
male	Biology	2
male	Biology	2
male	Biology	2
female	Biology	2
female	Biology	2
male	Biology	2
male	Biology	2
male	Biology	2
female	Biology	2
male	Biology	2
female	Biology	2
male	Biology	2
female	Biology	2
female	Biology	2
male	Biology	2
male	Biology	2
male	Biology	2
male	Biology	2
male	Biology	2
male	Biology	2
male	Biology	2
male	Biology	1
male	Biology	2
male	Biology	2
male	Biology	2
male	Biology	2
male	Biology	2
male	Biology	2
female	Biology	2
male	Biology	2
male	Biology	2
male	Biology	2
male	Biology	2
male	Biology	1
male	Biology	2
male	Biology	2
male	Biology	2
male	Biology	2
male	Biology	2
female	Biology	2
male	Biology	2
male	Biology	2
male	Biology	2
male	Biology	2
male	Biology	1
male	Biology	2
female	Biology	2
male	Biology	2
male	Biology	2
male	Biology	2
male	Biology	2
male	Biology	2
male	Biology	2
male	Biology	2
male	Biology	1
male	Biology	1
male	Biology	1
male	Biology	2
male	Biology	1
male	Biology	5
female	Biology	1
male	Biology	2
male	Biology	5
male	Biology	2
male	Biology	5
male	Biology	1
male	Biology	1
male	Biology	1
male	Biology	1
female	Biology	1
male	Biology	2
male	Biology	2
male	Biology	2
male	Biology	18
male	Biology	1
male	Biology	1
male	Biology	1
male	Biology	5
male	Biology	1
male	Biology	1
male	Biology	7
male	Biology	3
male	Biology	1
male	Biology	1
female	Biology	2
male	Biology	2
male	Biology	5
male	Biology	3
female	Biology	4
female	Biology	1
female	Biology	2
male	Biology	2
male	Biology	2
male	Biology	6
male	Biology	1
female	Biology	1
male	Biology	3
male	Biology	12
male	Biology	1
male	Biology	1
female	Biology	1
female	Biology	1
female	Biology	1
female	Biology	2
female	Biology	1
male	Biology	1
male	Biology	1
male	Biology	1
male	Biology	1
female	Biology	1
male	Biology	2
male	Biology	1
male	Biology	1
male	Biology	1
female	Biology	1
female	Biology	1
male	Biology	2
female	Biology	1
male	Biology	1
male	Biology	1
male	Biology	1
male	Biology	1
female	Biology	1
male	Biology	1
female	Biology	1
female	Biology	1
female	Biology	1
female	Biology	1
male	Biology	1
female	Biology	1
male	Biology	2
male	Biology	11
male	Biology	11
male	Biology	14
male	Biology	23
male	Biology	1
male	Biology	1
male	Biology	1
female	Biology	1
male	Biology	2
male	Biology	2
male	Biology	2
male	Biology	2
male	Biology	2
male	Biology	2
male	Biology	1
female	Biology	1
female	Biology	2
female	Biology	2
male	Biology	2
male	Biology	2
female	Biology	3
male	Biology	2
male	Biology	4
male	Biology	1
male	Biology	10
male	Biology	1
male	Biology	1
male	Biology	18
male	Biology	1
male	Biology	1
male	Biology	1
male	Biology	4
male	Biology	1
male	Biology	1
male	Biology	6
male	Biology	3
male	Biology	1
male	Biology	12
male	Biology	12
male	Biology	12
male	Biology	12
male	Biology	2
male	Biology	3
male	Biology	4
male	Biology	4
male	Biology	1
male	Biology	1
male	Biology	11
male	Biology	2
male	Biology	2
male	Biology	1
male	Biology	8
male	Biology	2
male	Biology	2
male	Biology	5
male	Biology	2
male	Biology	9
female	Biology	2
female	Biology	1
female	Biology	1
male	Biology	1
male	Biology	4
male	Biology	1
male	Biology	1
male	Biology	1
male	Biology	2
male	Biology	3
male	Biology	9
male	Biology	1
male	Biology	6
male	Biology	4
male	Biology	1
male	Biology	1
male	Biology	5
female	Biology	2
male	Biology	18
female	Biology	1
male	Biology	1
male	Biology	6
male	Biology	15
male	Biology	3
female	Biology	3
male	Biology	1
male	Biology	2
male	Biology	1
male	Biology	16
male	Biology	7
male	Biology	3
male	Biology	2
male	Biology	2
male	Biology	26
male	Biology	20
male	Biology	6
male	Biology	2
male	Biology	2
male	Biology	2
male	Biology	9
male	Biology	10
male	Biology	24
male	Biology	1
male	Biology	4
male	Biology	1
male	Biology	2
male	Biology	3
male	Biology	6
male	Biology	5
male	Biology	1
male	Biology	2
male	Biology	2
male	Biology	1
male	Biology	4
male	Biology	4
male	Biology	1
male	Biology	1
male	Biology	11
male	Biology	2
male	Biology	5
male	Biology	5
male	Biology	3
male	Biology	5
female	Biology	1
female	Biology	3
male	Biology	1
female	Biology	1
female	Biology	1
male	Biology	1
male	Biology	1
male	Biology	12
male	Biology	1
male	Biology	1
male	Biology	1
male	Biology	1
male	Biology	2
female	Biology	1
male	Biology	1
male	Biology	1
male	Biology	1
male	Biology	1
male	Biology	1
male	Biology	1
male	Biology	1
female	Biology	1
male	Biology	2
female	Biology	2
male	Biology	2
female	Biology	2
female	Biology	2
male	Biology	2
male	Biology	2
male	Biology	2
male	Biology	2
male	Biology	2
male	Biology	2
male	Biology	2
male	Biology	2
male	Biology	2
male	Biology	2
female	Biology	2
female	Biology	1
female	Biology	2
male	Biology	2
female	Biology	2
male	Biology	2
female	Biology	2
female	Biology	2
female	Biology	1
male	Biology	2
female	Biology	2
male	Biology	2
male	Biology	2
female	Biology	2
male	Biology	2
male	Biology	2
male	Biology	2
female	Biology	1
male	Biology	2
female	Biology	1
female	Biology	2
male	Biology	2
male	Biology	2
male	Biology	12
male	Biology	11
male	Biology	2
male	Biology	2
female	Biology	2
male	Biology	2
female	Biology	2
male	Biology	2
male	Biology	2
male	Biology	2
male	Biology	1
male	Biology	2
male	Biology	2
male	Biology	2
female	Biology	2
male	Biology	2
male	Biology	2
female	Biology	1
male	Biology	2
male	Biology	2
male	Biology	2
male	Biology	2
male	Biology	15
male	Biology	1
male	Biology	1
male	Biology	1
male	Biology	1
male	Biology	2
male	Biology	2
male	Biology	2
female	Biology	6
male	Biology	1
male	Biology	4
male	Biology	3
male	Biology	3
male	Biology	14
male	Biology	4
male	Biology	1
male	Biology	3
male	Biology	5
male	Biology	4
male	Biology	4
male	Biology	5
male	Biology	1
male	Biology	3
male	Biology	1
male	Biology	5
male	Biology	5
male	Biology	2
male	Biology	1
male	Biology	1
male	Biology	25
male	Biology	1
male	Biology	1
male	Biology	1
male	Biology	1
male	Biology	1
male	Biology	1
male	Biology	5
male	Biology	1
female	Biology	1
male	Biology	1
male	Biology	1
male	Biology	1
male	Biology	1
male	Biology	1
male	Biology	1
male	Biology	1
male	Biology	1
male	Biology	1
male	Biology	1
male	Biology	1
female	Biology	1
male	Biology	1
male	Biology	1
male	Biology	1
male	Biology	1
male	Biology	8
male	Biology	1
male	Biology	1
male	Biology	1
male	Biology	1
male	Biology	1
male	Biology	1
male	Biology	1
male	Biology	1
male	Biology	1
male	Biology	1
male	Biology	2
male	Biology	10
male	Biology	2
male	Biology	5
male	Biology	1
male	Biology	1
male	Biology	4
male	Biology	1
male	Biology	1
male	Biology	1
male	Biology	9
male	Biology	5
male	Biology	2
male	Biology	1
male	Biology	1
male	Biology	2
male	Biology	15
male	Biology	1
female	Biology	1
male	Biology	1
male	Biology	1
male	Biology	1
female	Biology	1
male	Biology	1
female	Biology	1
male	Biology	1
female	Biology	1
male	Biology	1
male	Biology	6
male	Biology	1
male	Biology	7
male	Biology	1
male	Biology	6
male	Biology	1
male	Biology	3
male	Biology	3
male	Biology	1
male	Biology	20
male	Biology	3
male	Biology	20
male	Biology	3
male	Biology	3
male	Biology	1
male	Biology	3
male	Biology	1
male	Biology	3
female	Biology	3
male	Biology	1
male	Biology	1
female	Biology	3
male	Biology	1
male	Biology	1
male	Biology	3
male	Biology	1
male	Biology	3
male	Biology	3
male	Biology	1
male	Biology	3
male	Biology	1
male	Biology	3
male	Biology	3
male	Biology	1
male	Biology	1
male	Biology	1
male	Biology	1
male	Biology	1
male	Biology	1
male	Biology	1
male	Biology	4
male	Biology	2
male	Biology	13
male	Biology	2
male	Biology	1
male	Biology	1
male	Biology	1
male	Biology	1
male	Biology	1
male	Biology	1
male	Biology	1
male	Biology	1
male	Biology	1
male	Biology	1
male	Biology	1
male	Biology	1
male	Biology	1
male	Biology	1
male	Biology	8
male	Biology	2
male	Biology	5
male	Biology	4
female	Biology	1
male	Biology	10
male	Biology	6
female	Biology	1
male	Biology	3
male	Biology	2
male	Biology	1
male	Biology	2
male	Biology	6
male	Biology	7
male	Biology	1
male	Biology	1
male	Biology	1
male	Biology	2
male	Biology	1
male	Biology	1
male	Biology	1
male	Biology	1
male	Biology	1
male	Biology	1
male	Biology	1
male	Biology	5
male	Biology	1
male	Biology	2
male	Biology	1
male	Biology	4
male	Biology	4
male	Biology	1
male	Biology	6
male	Biology	24
male	Biology	8
male	Biology	3
male	Biology	14
male	Biology	1
female	Biology	1
male	Biology	1
male	Biology	1
female	Biology	1
male	Biology	1
female	Biology	1
male	Biology	1
male	Biology	1
male	Biology	4
male	Biology	1
male	Biology	1
male	Biology	6
male	Biology	1
male	Biology	1
male	Biology	1
male	Biology	1
female	Biology	1
male	Biology	1
male	Biology	1
male	Biology	8
male	Biology	2
male	Biology	1
male	Biology	1
male	Biology	1
male	Biology	1
male	Biology	1
male	Biology	1
male	Biology	1
female	Biology	1
male	Biology	1
male	Biology	1
male	Biology	1
male	Biology	1
male	Biology	1
female	Biology	1
male	Biology	1
male	Biology	1
male	Biology	1
male	Biology	1
male	Biology	1
male	Biology	1
female	Biology	1
male	Biology	1
male	Biology	1
male	Biology	1
male	Biology	1
male	Biology	1
male	Biology	2
male	Biology	1
female	Biology	1
male	Biology	3
male	Biology	9
male	Biology	4
male	Biology	5
male	Biology	1
male	Biology	1
female	Biology	7
female	Biology	2
male	Biology	3
male	Biology	14
male	Biology	1
male	Biology	1
female	Biology	1
male	Biology	1
male	Biology	1
female	Biology	1
male	Biology	10
male	Biology	1
male	Biology	6
male	Biology	1
male	Biology	1
male	Biology	1
male	Biology	1
male	Biology	1
female	Biology	1
male	Biology	1
male	Biology	1
male	Biology	1
female	Biology	1
male	Biology	4
male	Biology	1
male	Biology	4
male	Biology	2
male	Biology	2
male	Biology	1
male	Biology	2
male	Biology	13
male	Biology	8
female	Biology	2
male	Biology	3
male	Biology	1
male	Biology	4
male	Biology	5
male	Biology	1
male	Biology	2
male	Biology	3
male	Biology	5
male	Biology	14
male	Biology	5
male	Biology	8
male	Biology	8
male	Biology	4
male	Biology	15
male	Biology	9
male	Biology	9
male	Biology	1
male	Biology	13
male	Biology	4
male	Biology	1
male	Biology	4
male	Biology	4
male	Biology	5
male	Biology	3
female	Biology	4
male	Biology	3
male	Biology	10
male	Biology	1
male	Biology	2
male	Biology	1
female	Biology	2
male	Biology	2
male	Biology	2
male	Biology	2
male	Biology	2
male	Biology	2
male	Biology	2
male	Biology	2
male	Biology	2
male	Biology	2
male	Biology	2
male	Biology	2
male	Biology	2
male	Biology	6
male	Biology	1
male	Biology	1
male	Biology	1
male	Biology	1
male	Biology	1
male	Biology	1
male	Biology	1
male	Biology	1
male	Biology	1
male	Biology	2
male	Biology	5
male	Biology	14
male	Biology	1
male	Biology	6
male	Biology	2
female	Biology	12
male	Biology	4
female	Biology	1
male	Biology	2
male	Biology	1
male	Biology	4
male	Biology	2
male	Biology	7
male	Biology	7
male	Biology	1
male	Biology	1
female	Biology	2
male	Biology	1
male	Biology	1
female	Biology	2
male	Biology	2
male	Biology	2
male	Biology	1
male	Biology	11
male	Biology	1
male	Biology	20
male	Biology	2
male	Biology	2
male	Biology	1
male	Biology	13
male	Biology	1
male	Biology	10
male	Biology	5
male	Biology	9
male	Biology	2
male	Biology	7
male	Biology	6
male	Biology	9
male	Biology	1
male	Biology	1
male	Biology	1
male	Biology	10
female	Biology	5
male	Biology	4
male	Biology	9
male	Biology	6
male	Biology	9
male	Biology	9
male	Biology	5
male	Biology	4
male	Biology	7
female	Biology	2
male	Biology	4
male	Biology	2
male	Biology	12
male	Biology	9
male	Biology	2
male	Biology	2
male	Biology	2
female	Biology	6
male	Biology	6
male	Biology	5
male	Biology	2
male	Biology	6
male	Biology	5
male	Biology	2
female	Biology	2
male	Biology	2
female	Biology	1
male	Biology	3
male	Biology	2
male	Biology	2
male	Biology	2
male	Biology	2
male	Biology	2
male	Biology	6
female	Biology	1
female	Biology	2
male	Biology	2
female	Biology	2
female	Biology	2
male	Biology	1
male	Biology	2
male	Biology	2
male	Biology	2
male	Biology	2
female	Biology	1
male	Biology	2
male	Biology	2
male	Biology	7
male	Biology	2
male	Biology	2
female	Biology	2
male	Biology	7
male	Biology	14
male	Biology	1
male	Biology	5
male	Biology	14
female	Biology	2
male	Biology	2
male	Biology	2
male	Biology	2
female	Biology	2
male	Biology	2
male	Biology	1
female	Biology	2
male	Biology	2
male	Biology	2
male	Biology	2
female	Biology	2
male	Biology	2
female	Biology	2
female	Biology	2
male	Biology	2
male	Biology	2
female	Biology	1
male	Biology	2
male	Biology	2
male	Biology	2
male	Biology	10
female	Biology	1
male	Biology	12
male	Biology	1
male	Biology	1
male	Biology	9
male	Biology	3
male	Biology	2
male	Biology	1
male	Biology	1
male	Biology	6
male	Biology	6
male	Biology	5
male	Biology	6
male	Biology	5
male	Biology	5
male	Biology	1
male	Biology	5
male	Biology	5
male	Biology	5
male	Biology	5
male	Biology	5
male	Biology	6
male	Biology	5
female	Biology	5
female	Biology	1
female	Biology	1
male	Biology	5
male	Biology	5
male	Biology	5
male	Biology	6
male	Biology	5
male	Biology	1
male	Biology	5
male	Biology	5
male	Biology	5
male	Biology	5
male	Biology	1
male	Biology	1
male	Biology	12
male	Biology	3
male	Biology	1
male	Biology	1
male	Biology	1
male	Biology	1
female	Biology	3
male	Biology	2
male	Biology	1
male	Biology	2
male	Biology	2
male	Biology	5
male	Biology	5
male	Biology	2
male	Biology	1
male	Biology	5
male	Biology	5
female	Biology	5
male	Biology	2
male	Biology	2
male	Biology	2
male	Biology	3
male	Biology	1
male	Biology	5
male	Biology	3
male	Biology	6
male	Biology	10
male	Biology	4
male	Biology	4
male	Biology	2
male	Biology	2
male	Biology	5
male	Biology	1
male	Biology	8
female	Biology	2
male	Biology	2
male	Biology	1
female	Biology	4
male	Biology	1
male	Biology	2
male	Biology	1
female	Biology	4
female	Biology	7
male	Biology	1
male	Biology	4
male	Biology	1
male	Biology	1
male	Biology	1
female	Biology	1
male	Biology	2
male	Biology	3
male	Biology	2
male	Biology	3
female	Biology	3
male	Biology	3
male	Biology	3
male	Biology	3
male	Biology	3
male	Biology	3
male	Biology	3
male	Biology	3
male	Biology	3
male	Biology	3
male	Biology	3
female	Biology	3
male	Biology	2
male	Biology	3
male	Biology	3
male	Biology	3
male	Biology	3
male	Biology	3
male	Biology	3
male	Biology	3
male	Biology	1
male	Biology	1
male	Biology	2
male	Biology	2
male	Biology	4
male	Biology	3
male	Biology	2
female	Biology	4
male	Biology	3
male	Biology	3
male	Biology	1
female	Biology	3
male	Biology	1
male	Biology	1
male	Biology	1
female	Biology	1
male	Biology	1
male	Biology	1
male	Biology	1
male	Biology	1
female	Biology	1
female	Biology	1
male	Biology	1
male	Biology	3
male	Biology	1
male	Biology	2
male	Biology	4
male	Biology	1
male	Biology	4
male	Biology	4
male	Biology	1
male	Biology	1
male	Biology	1
male	Biology	1
male	Biology	1
male	Biology	3
male	Biology	1
male	Biology	19
male	Biology	6
female	Psychology	2
male	Psychology	2
male	Psychology	10
male	Psychology	1
male	Psychology	2
male	Psychology	4
male	Psychology	19
male	Psychology	9
male	Psychology	1
male	Psychology	3
female	Psychology	1
male	Psychology	14
male	Psychology	1
male	Psychology	4
male	Psychology	7
male	Psychology	2
male	Psychology	9
male	Psychology	3
male	Psychology	4
male	Psychology	1
male	Psychology	1
male	Psychology	9
male	Psychology	1
male	Psychology	1
male	Psychology	1
male	Psychology	3
male	Psychology	2
male	Psychology	11
male	Psychology	2
male	Psychology	2
male	Psychology	40
female	Psychology	1
male	Psychology	4
male	Psychology	1
female	Psychology	3
male	Psychology	1
male	Psychology	4
female	Psychology	4
male	Psychology	2
female	Psychology	4
male	Psychology	4
male	Psychology	4
female	Psychology	9
male	Psychology	1
male	Psychology	2
male	Psychology	4
male	Psychology	4
male	Psychology	1
male	Psychology	4
female	Psychology	2
male	Psychology	2
male	Psychology	4
male	Psychology	2
male	Psychology	2
male	Psychology	4
male	Psychology	4
male	Psychology	3
male	Psychology	3
female	Psychology	4
male	Psychology	7
male	Psychology	4
male	Psychology	4
male	Psychology	4
male	Psychology	2
male	Psychology	4
male	Psychology	4
male	Psychology	1
male	Psychology	10
male	Psychology	1
male	Psychology	1
male	Psychology	1
male	Psychology	1
male	Psychology	8
male	Psychology	3
male	Psychology	5
male	Psychology	1
male	Psychology	17
male	Psychology	5
male	Psychology	5
male	Psychology	1
male	Psychology	1
male	Psychology	1
male	Psychology	1
male	Psychology	38
male	Psychology	1
male	Psychology	1
male	Psychology	2
male	Psychology	1
male	Psychology	1
female	Psychology	1
female	Psychology	1
female	Psychology	1
female	Psychology	1
male	Psychology	1
male	Psychology	1
male	Psychology	8
male	Psychology	2
male	Psychology	2
male	Psychology	3
male	Psychology	1
male	Psychology	1
male	Psychology	11
male	Psychology	6
male	Psychology	2
female	Psychology	2
male	Psychology	2
male	Psychology	2
male	Psychology	6
male	Psychology	3
male	Psychology	2
male	Psychology	2
male	Psychology	1
male	Psychology	9
female	Psychology	9
female	Psychology	9
male	Psychology	9
male	Psychology	9
male	Psychology	9
male	Psychology	9
male	Psychology	9
male	Psychology	9
male	Psychology	9
male	Psychology	9
female	Psychology	9
male	Psychology	9
male	Psychology	9
male	Psychology	9
male	Psychology	9
male	Psychology	9
male	Psychology	9
male	Psychology	9
male	Psychology	9
male	Psychology	9
male	Psychology	9
female	Psychology	9
female	Psychology	3
male	Psychology	9
female	Psychology	9
female	Psychology	9
male	Psychology	9
male	Psychology	9
male	Psychology	9
male	Psychology	9
female	Psychology	9
male	Psychology	9
male	Psychology	9
male	Psychology	9
male	Psychology	9
male	Psychology	9
male	Psychology	8
male	Psychology	1
female	Psychology	9
male	Psychology	9
male	Psychology	8
male	Psychology	9
male	Psychology	9
male	Psychology	9
male	Psychology	9
male	Psychology	9
male	Psychology	9
male	Psychology	9
male	Psychology	9
male	Psychology	9
female	Psychology	9
female	Psychology	9
female	Psychology	9
male	Psychology	9
female	Psychology	9
male	Psychology	9
male	Psychology	9
male	Psychology	24
male	Psychology	9
male	Psychology	9
male	Psychology	1
male	Psychology	2
male	Psychology	2
female	Psychology	2
female	Psychology	2
male	Psychology	2
female	Psychology	1
male	Psychology	13
male	Psychology	2
female	Psychology	2
female	Psychology	2
female	Psychology	2
male	Psychology	2
male	Psychology	2
male	Psychology	2
male	Psychology	2
female	Psychology	2
female	Psychology	2
male	Psychology	2
female	Psychology	2
female	Psychology	2
female	Psychology	2
male	Psychology	4
female	Psychology	2
female	Psychology	2
female	Psychology	2
female	Psychology	2
male	Psychology	2
female	Psychology	2
female	Psychology	2
female	Psychology	1
female	Psychology	2
female	Psychology	2
female	Psychology	2
female	Psychology	2
female	Psychology	2
female	Psychology	2
female	Psychology	2
female	Psychology	2
female	Psychology	2
female	Psychology	2
female	Psychology	1
female	Psychology	2
female	Psychology	2
female	Psychology	2
male	Psychology	2
female	Psychology	2
male	Psychology	2
male	Psychology	2
female	Psychology	2
female	Psychology	2
female	Psychology	2
female	Psychology	2
female	Psychology	2
male	Psychology	2
female	Psychology	2
female	Psychology	2
male	Psychology	2
male	Psychology	2
female	Psychology	2
female	Psychology	2
male	Psychology	8
male	Psychology	2
male	Psychology	2
male	Psychology	2
female	Psychology	2
male	Psychology	2
male	Psychology	2
female	Psychology	1
female	Psychology	2
male	Psychology	2
male	Psychology	2
female	Psychology	7
male	Psychology	13
male	Psychology	1
male	Psychology	2
male	Psychology	1
male	Psychology	2
male	Psychology	2
male	Psychology	2
male	Psychology	2
male	Psychology	2
male	Psychology	2
male	Psychology	2
male	Psychology	1
male	Psychology	2
male	Psychology	2
male	Psychology	2
male	Psychology	2
male	Psychology	2
male	Psychology	2
male	Psychology	2
male	Psychology	2
male	Psychology	2
male	Psychology	2
male	Psychology	2
male	Psychology	2
male	Psychology	2
male	Psychology	2
male	Psychology	2
male	Psychology	2
male	Psychology	2
male	Psychology	2
male	Psychology	2
male	Psychology	2
male	Psychology	2
male	Psychology	2
male	Psychology	2
male	Psychology	2
male	Psychology	2
male	Psychology	2
male	Psychology	2
male	Psychology	2
male	Psychology	2
male	Psychology	2
male	Psychology	2
male	Psychology	2
male	Psychology	2
male	Psychology	2
male	Psychology	2
male	Psychology	2
male	Psychology	2
male	Psychology	2
male	Psychology	2
male	Psychology	2
male	Psychology	2
male	Psychology	2
male	Psychology	2
male	Psychology	2
male	Psychology	2
male	Psychology	2
male	Psychology	1
male	Psychology	2
male	Psychology	1
male	Chemistry	2
male	Chemistry	1
male	Chemistry	1
male	Chemistry	32
male	Chemistry	1
male	Chemistry	2
male	Chemistry	2
male	Chemistry	2
male	Chemistry	9
male	Chemistry	1
male	Chemistry	2
male	Chemistry	9
male	Chemistry	1
male	Chemistry	8
male	Chemistry	3
male	Chemistry	2
male	Chemistry	1
male	Chemistry	2
male	Chemistry	2
male	Chemistry	1
male	Chemistry	2
male	Chemistry	2
male	Chemistry	2
male	Chemistry	2
male	Chemistry	2
female	Chemistry	2
male	Chemistry	2
male	Chemistry	2
male	Chemistry	2
male	Chemistry	2
male	Chemistry	2
male	Chemistry	2
male	Chemistry	1
male	Chemistry	2
male	Chemistry	2
male	Chemistry	2
male	Chemistry	2
male	Chemistry	2
female	Chemistry	1
male	Chemistry	2
female	Chemistry	2
male	Chemistry	2
male	Chemistry	2
male	Chemistry	2
male	Chemistry	2
male	Chemistry	2
male	Chemistry	2
male	Chemistry	2
male	Chemistry	2
male	Chemistry	2
male	Chemistry	1
male	Chemistry	7
male	Chemistry	4
male	Chemistry	1
male	Chemistry	1
male	Chemistry	14
male	Chemistry	9
male	Chemistry	1
male	Chemistry	6
male	Chemistry	10
male	Chemistry	6
male	Chemistry	1
male	Chemistry	2
male	Chemistry	17
male	Chemistry	1
male	Chemistry	1
male	Chemistry	3
male	Chemistry	2
male	Chemistry	28
male	Chemistry	1
male	Chemistry	1
male	Chemistry	9
male	Chemistry	2
male	Chemistry	1
male	Chemistry	1
male	Chemistry	7
male	Chemistry	1
male	Chemistry	1
male	Chemistry	1
male	Chemistry	1
male	Chemistry	2
male	Chemistry	1
male	Chemistry	2
male	Chemistry	6
male	Chemistry	1
male	Chemistry	8
male	Chemistry	3
male	Chemistry	3
male	Chemistry	1
male	Chemistry	1
male	Chemistry	15
male	Chemistry	6
male	Chemistry	2
male	Chemistry	1
male	Chemistry	23
male	Chemistry	1
male	Chemistry	5
male	Chemistry	13
male	Chemistry	2
male	Chemistry	2
male	Chemistry	5
male	Chemistry	5
male	Chemistry	5
male	Chemistry	2
male	Chemistry	1
female	Chemistry	3
male	Chemistry	3
male	Chemistry	2
male	Chemistry	5
male	Chemistry	5
male	Chemistry	4
female	Chemistry	1
female	Chemistry	6
male	Chemistry	5
male	Chemistry	5
male	Chemistry	1
male	Chemistry	5
male	Chemistry	5
male	Chemistry	1
male	Chemistry	2
male	Chemistry	2
male	Chemistry	2
male	Chemistry	1
male	Chemistry	1
male	Chemistry	5
male	Chemistry	5
male	Chemistry	5
male	Chemistry	5
male	Chemistry	1
male	Chemistry	4
male	Chemistry	3
male	Chemistry	1
male	Chemistry	3
male	Chemistry	3
male	Chemistry	14
male	Chemistry	2
male	Chemistry	9
male	Chemistry	3
male	Chemistry	1
male	Chemistry	2
male	Chemistry	1
male	Chemistry	3
male	Chemistry	2
male	Chemistry	1
male	Chemistry	12
male	Chemistry	1
male	Chemistry	2
male	Chemistry	5
male	Chemistry	6
male	Chemistry	9
male	Chemistry	1
male	Chemistry	1
male	Chemistry	1
male	Chemistry	1
male	Chemistry	1
male	Chemistry	1
male	Chemistry	1
male	Chemistry	1
male	Chemistry	1
male	Chemistry	2
male	Chemistry	1
male	Chemistry	5
male	Chemistry	3
male	Chemistry	30
male	Chemistry	2
female	Chemistry	1
male	Chemistry	3
male	Chemistry	2
male	Chemistry	1
male	Chemistry	1
male	Chemistry	1
male	Chemistry	2
female	Chemistry	1
male	Chemistry	1
male	Chemistry	2
male	Chemistry	1
male	Chemistry	2
male	Chemistry	5
male	Chemistry	4
male	Chemistry	3
male	Chemistry	2
male	Chemistry	9
male	Chemistry	1
male	Chemistry	2
male	Chemistry	2
male	Chemistry	2
male	Chemistry	2
male	Chemistry	2
male	Chemistry	2
male	Chemistry	2
male	Chemistry	2
male	Chemistry	2
male	Chemistry	2
male	Chemistry	2
male	Chemistry	2
female	Chemistry	2
male	Chemistry	2
male	Chemistry	1
male	Chemistry	1
male	Chemistry	2
male	Chemistry	2
male	Chemistry	2
male	Chemistry	2
male	Chemistry	2
male	Chemistry	2
male	Chemistry	2
male	Chemistry	2
male	Chemistry	2
male	Chemistry	2
male	Chemistry	2
male	Chemistry	2
male	Chemistry	2
male	Chemistry	2
male	Chemistry	2
male	Chemistry	1
male	Chemistry	2
male	Chemistry	2
male	Chemistry	2
male	Chemistry	2
male	Chemistry	2
male	Chemistry	2
male	Chemistry	1
male	Chemistry	4
male	Chemistry	2
male	Chemistry	2
male	Chemistry	2
male	Chemistry	1
male	Chemistry	6
male	Chemistry	1
male	Chemistry	3
male	Chemistry	5
male	Chemistry	4
male	Chemistry	1
male	Chemistry	3
male	Chemistry	2
male	Chemistry	5
male	Chemistry	4
male	Chemistry	7
male	Chemistry	5
male	Chemistry	11
male	Chemistry	1
male	Chemistry	1
male	Chemistry	1
male	Chemistry	1
male	Chemistry	1
male	Chemistry	1
male	Chemistry	1
female	Chemistry	1
male	Chemistry	1
male	Chemistry	3
male	Chemistry	1
male	Chemistry	13
male	Chemistry	1
male	Chemistry	1
male	Chemistry	1
male	Chemistry	1
male	Chemistry	1
male	Chemistry	1
male	Chemistry	3
female	Chemistry	1
male	Chemistry	3
male	Chemistry	1
female	Chemistry	1
male	Chemistry	1
female	Chemistry	4
male	Chemistry	1
male	Chemistry	6
male	Chemistry	6
male	Chemistry	6
male	Chemistry	6
male	Chemistry	1
male	Chemistry	1
male	Chemistry	6
male	Chemistry	2
male	Chemistry	2
male	Chemistry	1
male	Chemistry	1
male	Chemistry	1
male	Chemistry	3
male	Chemistry	2
male	Chemistry	2
male	Physics	12
male	Physics	3
male	Physics	15
female	Physics	1
male	Physics	1
male	Physics	4
male	Physics	7
male	Physics	22
male	Physics	3
male	Physics	2
male	Physics	2
male	Physics	1
male	Physics	1
male	Physics	1
male	Physics	20
male	Physics	1
male	Physics	23
male	Physics	12
male	Physics	23
female	Physics	1
male	Physics	1
male	Physics	1
male	Physics	1
male	Physics	1
male	Physics	1
male	Physics	7
male	Physics	1
male	Physics	4
male	Physics	1
male	Physics	5
male	Physics	5
male	Physics	21
male	Physics	1
male	Physics	1
male	Physics	2
male	Physics	2
male	Physics	1
male	Physics	2
male	Physics	2
male	Physics	2
male	Physics	3
male	Physics	2
male	Physics	1
male	Physics	1
male	Physics	5
male	Physics	10
male	Physics	8
male	Physics	2
male	Physics	11
male	Physics	26
male	Physics	2
male	Physics	2
male	Physics	3
male	Physics	3
male	Physics	3
male	Physics	2
male	Physics	2
male	Physics	2
male	Physics	26
male	Physics	6
male	Physics	2
male	Physics	2
male	Physics	2
female	Physics	3
male	Physics	8
male	Physics	3
male	Physics	1
male	Physics	4
male	Physics	1
male	Physics	2
male	Physics	1
male	Physics	2
male	Physics	2
male	Physics	2
male	Physics	2
male	Physics	2
male	Physics	2
male	Physics	1
male	Physics	1
male	Physics	26
male	Physics	1
male	Physics	2
male	Physics	2
male	Physics	2
male	Physics	1
male	Physics	1
male	Physics	4
male	Physics	2
male	Physics	2
male	Physics	2
male	Physics	2
male	Physics	1
male	Physics	2
male	Physics	2
male	Physics	1
male	Physics	1
male	Physics	2
male	Physics	14
male	Physics	14
female	Physics	1
male	Physics	1
male	Physics	3
male	Physics	1
male	Physics	1
male	Physics	47
female	Physics	1
female	Physics	2
female	Physics	1
male	Physics	2
male	Physics	1
male	Physics	3
male	Physics	1
male	Physics	3
male	Physics	1
male	Physics	3
male	Physics	3
male	Physics	1
male	Physics	1
male	Physics	7
male	Physics	1
male	Physics	25
male	Physics	1
male	Physics	2
male	Physics	2
male	Physics	7
male	Physics	2
male	Physics	3
male	Physics	3
male	Physics	7
male	Physics	3
male	Physics	4
male	Physics	1
male	Physics	22
male	Physics	33
male	Physics	3
male	Physics	16
male	Physics	2
male	Physics	2
male	Physics	1
male	Physics	31
male	Physics	2
male	Physics	2
male	Physics	2
male	Physics	2
male	Physics	1
male	Physics	7
male	Physics	12
male	Physics	5
male	Physics	1
male	Physics	4
male	Physics	4
male	Physics	12
male	Physics	1
male	Physics	11
male	Physics	7
male	Physics	1
male	Physics	2
male	Physics	2
male	Physics	34
male	Physics	5
female	Physics	2
male	Physics	2
male	Physics	1
male	Physics	1
male	Physics	1
male	Physics	10
male	Physics	1
male	Physics	1
male	Physics	3
male	Physics	1
male	Physics	1
male	Physics	2
male	Physics	1
male	Physics	20
male	Physics	1
male	Physics	8
male	Physics	4
male	Physics	5
male	Physics	1
male	Physics	2
male	Physics	4
male	Physics	12
male	Physics	20
male	Physics	1
male	Physics	1
male	Physics	28
male	Physics	1
male	Physics	2
male	Physics	1
male	Physics	7
male	Physics	33
male	Physics	2
male	Physics	1
male	Physics	1
male	Physics	1
male	Physics	1
male	Physics	27
male	Physics	5
male	Physics	2
male	Physics	5
male	Physics	2
female	Physics	2
male	Physics	1
male	Physics	10
male	Physics	20
male	Physics	3
male	Physics	14
male	Physics	8
male	Physics	1
male	Physics	1
male	Physics	1
male	Physics	21
male	Physics	16
male	Physics	1
female	Physics	2
male	Physics	1
male	Physics	5
male	Physics	3
male	Physics	1
male	Physics	2
male	Physics	1
male	Physics	3
male	Physics	2
male	Physics	8
male	Physics	2
male	Physics	3
male	Physics	1
male	Physics	1
male	Physics	1
male	Physics	4
male	Physics	10
male	Physics	5
male	Physics	7
male	Physics	4
male	Physics	5
male	Physics	5
male	Physics	5
male	Physics	5
male	Physics	5
male	Physics	1
male	Physics	5
male	Physics	6
male	Physics	2
male	Physics	3
male	Computer science	8
male	Computer science	1
male	Computer science	1
male	Computer science	21
male	Computer science	1
male	Computer science	1
female	Computer science	2
male	Computer science	2
male	Computer science	22
male	Computer science	1
male	Computer science	28
male	Computer science	1
male	Computer science	3
male	Computer science	3
male	Computer science	3
male	Computer science	2
male	Computer science	3
male	Computer science	3
male	Computer science	2
male	Computer science	1
male	Computer science	3
male	Computer science	8
male	Computer science	3
male	Computer science	3
male	Computer science	3
male	Computer science	3
female	Computer science	3
male	Computer science	3
male	Computer science	3
female	Computer science	2
male	Computer science	3
female	Computer science	3
male	Computer science	3
male	Computer science	3
male	Computer science	3
male	Computer science	1
male	Computer science	3
male	Computer science	3
male	Computer science	3
female	Computer science	3
male	Computer science	3
male	Computer science	3
male	Computer science	3
male	Computer science	3
male	Computer science	3
male	Computer science	3
male	Computer science	2
male	Computer science	34
male	Computer science	2
male	Computer science	3
male	Computer science	1
male	Computer science	2
male	Computer science	3
male	Computer science	3
male	Computer science	7
female	Computer science	2
male	Computer science	3
male	Computer science	4
male	Computer science	3
male	Computer science	1
male	Computer science	3
male	Computer science	3
male	Computer science	2
male	Computer science	1
male	Computer science	2
male	Computer science	2
male	Computer science	2
male	Computer science	2
male	Computer science	2
male	Computer science	2
male	Computer science	4
male	Computer science	4
female	Computer science	2
male	Computer science	3
male	Computer science	1
male	Computer science	3
male	Computer science	2
male	Computer science	2
male	Computer science	4
male	Computer science	4
male	Computer science	2
male	Computer science	1
male	Computer science	3
male	Computer science	8
male	Computer science	6
male	Computer science	1
male	Computer science	1
male	Computer science	1
male	Computer science	2
male	Computer science	2
male	Computer science	1
male	Computer science	1
male	Computer science	5
male	Computer science	2
male	Computer science	1
male	Computer science	9
female	Computer science	2
male	Computer science	1
male	Computer science	1
male	Computer science	1
male	Computer science	1
male	Computer science	1
male	Computer science	1
male	Computer science	1
male	Computer science	5
male	Computer science	10
male	Computer science	2
male	Computer science	1
male	Computer science	1
male	Computer science	1
male	Computer science	1
male	Computer science	1
male	Computer science	1
male	Computer science	1
male	Computer science	1
male	Computer science	1
male	Computer science	1
male	Computer science	1
male	Computer science	1
male	Computer science	1
male	Computer science	1
male	Computer science	3
male	Computer science	1
male	Computer science	10
male	Computer science	1
male	Computer science	13
male	Computer science	4
male	Computer science	19
male	Computer science	1
male	Computer science	1
male	Computer science	1
male	Computer science	1
male	Computer science	1
male	Computer science	1
female	Computer science	15
male	Computer science	1
male	Computer science	1
male	Computer science	1
male	Computer science	1
male	Computer science	9
male	Computer science	5
male	Computer science	1
male	Computer science	1
male	Computer science	4
male	Computer science	2
male	Computer science	1
male	Computer science	8
male	Computer science	3
male	Computer science	8
female	Computer science	2
male	Computer science	2
male	Computer science	1
male	Computer science	2
male	Computer science	1
male	Computer science	3
male	Computer science	1
male	Computer science	14
male	Computer science	1
male	Computer science	2
male	Computer science	4
male	Computer science	2
male	Computer science	2
female	Computer science	3
male	Computer science	3
male	Computer science	3
male	Computer science	12
male	Computer science	1
male	Computer science	2
male	Computer science	1
male	Computer science	1
male	Computer science	1
male	Computer science	4
male	Computer science	2
male	Computer science	4
male	Computer science	1
male	Computer science	1
female	Computer science	4
male	Computer science	2
male	Computer science	1
male	Computer science	4
male	Computer science	3
male	Computer science	2
male	Computer science	3
male	Computer science	3
male	Computer science	4
male	Computer science	4
female	Computer science	4
male	Computer science	4
male	Computer science	4
female	Computer science	2
male	Computer science	1
male	Computer science	2
male	Computer science	4
male	Computer science	4
male	Computer science	2
male	Computer science	5
male	Computer science	4
male	Computer science	2
male	Computer science	2
male	Computer science	3
male	Computer science	2
female	Computer science	4
male	Computer science	4
male	Computer science	4
female	Computer science	2
male	Computer science	2
male	Computer science	4
male	Computer science	2
male	Computer science	2
male	Computer science	4
male	Computer science	4
male	Computer science	3
female	Computer science	3
male	Computer science	3
male	Computer science	1
male	Computer science	4
male	Computer science	1
male	Computer science	1
male	Computer science	4
male	Computer science	2
male	Computer science	3
male	Computer science	2
male	Computer science	4
male	Computer science	1
male	Computer science	1
male	Computer science	25
male	Computer science	6
male	Computer science	7
male	Computer science	2
male	Computer science	2
male	Computer science	12
male	Computer science	2
male	Computer science	2
male	Computer science	2
male	Computer science	1
male	Computer science	4
male	Computer science	2
male	Computer science	1
male	Computer science	1
male	Computer science	1
female	Computer science	2
male	Computer science	1
male	Computer science	1
male	Computer science	3
male	Computer science	2
male	Computer science	3
male	Computer science	3
male	Computer science	1
male	Computer science	3
male	Computer science	1
male	Computer science	1
male	Computer science	2
male	Computer science	1
male	Computer science	1
male	Computer science	2
male	Computer science	2
male	Computer science	2
female	Computer science	3
male	Computer science	1
male	Computer science	1
male	Computer science	1
male	Computer science	6
male	Computer science	1
male	Computer science	6
male	Computer science	7
male	Computer science	1
male	Computer science	2
male	Computer science	7
male	Computer science	4
male	Computer science	23
male	Computer science	1
female	Computer science	3
male	Computer science	1
male	Computer science	2
male	Computer science	2
male	Computer science	3
male	Computer science	4
male	Computer science	8
male	Computer science	8
male	Computer science	13
male	Computer science	6
male	Computer science	11
male	Computer science	8
male	Computer science	10
male	Computer science	2
female	Computer science	1
male	Computer science	11
male	Computer science	1
male	Computer science	1
male	Computer science	9
male	Computer science	9
male	Computer science	1
male	Computer science	5
male	Computer science	4
male	Computer science	5
male	Computer science	3
male	Computer science	8
male	Computer science	1
male	Computer science	1
male	Computer science	2
male	Computer science	3
male	Computer science	5
male	Computer science	3
male	Computer science	2
male	Computer science	3
male	Computer science	1
male	Computer science	1
male	Computer science	3
male	Computer science	3
female	Computer science	3
male	Computer science	2
male	Computer science	3
male	Computer science	18
male	Computer science	3
male	Computer science	1
male	Computer science	2
male	Computer science	3
male	Computer science	3
female	Computer science	3
male	Computer science	3
male	Computer science	3
male	Computer science	3
male	Computer science	13
male	Computer science	2
male	Computer science	1
male	Computer science	2
male	Computer science	2
male	Computer science	1
male	Computer science	2
male	Computer science	2
male	Computer science	2
male	Computer science	2
male	Computer science	2
male	Computer science	2
male	Computer science	2
male	Computer science	1
male	Computer science	1
male	Computer science	1
male	Computer science	3
male	Computer science	2
male	Computer science	3
male	Computer science	3
male	Computer science	1
male	Computer science	1
male	Computer science	11
male	Computer science	1
male	Computer science	1
male	Computer science	3
male	Computer science	1
male	Computer science	1
male	Computer science	11
male	Computer science	1
male	Computer science	2
male	Computer science	2
male	Computer science	5
female	Computer science	5
male	Computer science	2
male	Computer science	11
male	Computer science	4
male	Computer science	2
male	Computer science	4
male	Computer science	1
male	Computer science	2
male	Computer science	2
male	Computer science	6
male	Computer science	11
male	Computer science	2
male	Computer science	2
male	Computer science	1
male	Computer science	3
male	Computer science	3
male	Computer science	8
male	Computer science	7
male	Computer science	2
male	Computer science	7
male	Computer science	2
male	Computer science	7
male	Computer science	4
male	Computer science	7
male	Computer science	4
male	Computer science	1
male	Computer science	2
male	Computer science	1
male	Computer science	2
male	Computer science	6
male	Computer science	1
male	Computer science	3
female	Computer science	3
male	Computer science	2
male	Computer science	2
male	Computer science	2
male	Computer science	4
male	Computer science	6
male	Computer science	2
male	Computer science	2
male	Computer science	1
male	Mathematics	13
male	Mathematics	1
male	Mathematics	1
male	Mathematics	1
male	Mathematics	3
male	Mathematics	2
male	Mathematics	12
male	Mathematics	1
male	Mathematics	2
male	Mathematics	1
male	Mathematics	8
male	Mathematics	2
male	Mathematics	14
male	Mathematics	8
male	Mathematics	34
male	Mathematics	12
male	Mathematics	4
male	Mathematics	6
male	Mathematics	30
male	Mathematics	16
male	Mathematics	7
male	Mathematics	1
male	Mathematics	1
male	Mathematics	1
male	Mathematics	3
male	Mathematics	2
male	Mathematics	19
male	Mathematics	1
male	Mathematics	4
male	Mathematics	1
female	Mathematics	1
male	Mathematics	1
male	Mathematics	4
male	Mathematics	1
male	Mathematics	1
male	Mathematics	1
male	Mathematics	1
male	Mathematics	1
male	Mathematics	1
male	Mathematics	21
male	Mathematics	1
male	Mathematics	1
male	Mathematics	1
male	Mathematics	1
male	Mathematics	1
male	Mathematics	8
male	Mathematics	2
male	Mathematics	2
male	Mathematics	5
male	Mathematics	2
male	Mathematics	18
male	Mathematics	4
male	Mathematics	1
male	Mathematics	3
male	Mathematics	11
male	Mathematics	20
male	Mathematics	16
male	Mathematics	6
male	Mathematics	11
male	Mathematics	1
male	Mathematics	3
male	Mathematics	2
male	Mathematics	5
male	Mathematics	2
male	Mathematics	1
male	Mathematics	13
male	Mathematics	2
male	Mathematics	1
male	Mathematics	1
male	Mathematics	10
male	Mathematics	2
male	Mathematics	13
male	Mathematics	3
male	Mathematics	3
male	Mathematics	19
male	Mathematics	1
male	Mathematics	2
male	Mathematics	4
male	Mathematics	6
male	Mathematics	2
male	Mathematics	3
male	Mathematics	5
male	Mathematics	1
male	Mathematics	5
male	Mathematics	2
male	Mathematics	1
male	Mathematics	2
male	Mathematics	1
male	Mathematics	5
male	Mathematics	16
male	Mathematics	2
male	Mathematics	1
male	Mathematics	3
male	Mathematics	5
female	Mathematics	3
male	Mathematics	2
male	Mathematics	13
male	Mathematics	1
male	Mathematics	4
male	Mathematics	6
male	Mathematics	5
male	Mathematics	5
male	Mathematics	5
male	Mathematics	2
male	Mathematics	3
male	Mathematics	2
male	Mathematics	2
male	Mathematics	7
male	Mathematics	1
male	Mathematics	20
male	Mathematics	1
male	Mathematics	29
male	Mathematics	2
male	Mathematics	8
male	Mathematics	16
male	Mathematics	1
male	Mathematics	4
male	Mathematics	11
male	Mathematics	2
male	Mathematics	4
male	Mathematics	1
male	Mathematics	1
male	Mathematics	1
male	Mathematics	1
male	Mathematics	1
male	Mathematics	1
male	Mathematics	1
male	Mathematics	1
male	Mathematics	1
female	Mathematics	1
male	Mathematics	1
male	Mathematics	1
male	Mathematics	1
male	Mathematics	1
male	Mathematics	2
male	Mathematics	13
male	Mathematics	1
male	Mathematics	1
male	Mathematics	12
male	Mathematics	1
male	Mathematics	3
male	Mathematics	3
male	Mathematics	8
male	Mathematics	4
male	Mathematics	6
male	Mathematics	1
male	Mathematics	1
male	Mathematics	1
male	Mathematics	16
male	Mathematics	13
male	Mathematics	5
male	Mathematics	2
male	Mathematics	5
male	Mathematics	1
male	Mathematics	5
male	Mathematics	3
male	Mathematics	1
male	Mathematics	1
male	Mathematics	2
male	Mathematics	5
male	Mathematics	7
male	Mathematics	2
male	Mathematics	6
male	Mathematics	12
male	Mathematics	2
male	Mathematics	1
male	Mathematics	11
male	Mathematics	16
male	Mathematics	4
male	Mathematics	11
male	Mathematics	3
female	Economics	8
male	Economics	3
male	Economics	7
male	Economics	4
male	Economics	1
male	Economics	2
male	Economics	5
male	Economics	1
male	Economics	9
male	Economics	18
male	Economics	1
male	Economics	1
male	Economics	1
male	Economics	1
male	Economics	1
male	Economics	2
male	Economics	4
male	Economics	13
male	Economics	14
male	Economics	1
male	Economics	3
female	Economics	6
male	Economics	3
male	Economics	1
male	Economics	1
male	Economics	1
female	Economics	1
male	Economics	1
male	Economics	10
male	Economics	1
male	Economics	1
male	Economics	1
male	Economics	15
male	Economics	8
male	Economics	1
male	Economics	1
male	Economics	2
male	Economics	2
male	Economics	1
male	Economics	2
male	Economics	1
male	Economics	2
male	Economics	2
female	Economics	3
male	Economics	1
male	Economics	2
male	Economics	3
male	Economics	2
male	Economics	2
male	Economics	4
male	Economics	3
male	Economics	1
male	Economics	3
male	Economics	2
male	Economics	2
male	Economics	1
male	Economics	2
male	Economics	5
male	Economics	1
male	Economics	8
male	Economics	10
male	Economics	1
male	Economics	34
male	Economics	6
male	Economics	3
male	Economics	5
female	Economics	2
male	Economics	2
male	Economics	1
male	Economics	1
male	Economics	1
male	Economics	1
male	Economics	1
male	Economics	1
female	Economics	1
female	Economics	1
male	Economics	1
male	Economics	1
male	Economics	1
male	Economics	1
female	Economics	1
male	Economics	1
male	Economics	1
female	Economics	1
male	Economics	1
male	Economics	1
male	Economics	3
female	Economics	1
female	Economics	1
male	Economics	1
male	Economics	4
male	Economics	5
male	Economics	2
male	Economics	9
male	Economics	16
male	Economics	23
male	Economics	2
male	Economics	1
male	Economics	2
male	Economics	2
male	Economics	5
male	Economics	1
male	Economics	5
female	Economics	5
male	Economics	5
male	Economics	5
male	Economics	5
male	Economics	4
female	Economics	5
female	Economics	5
male	Economics	5
female	Economics	5
male	Economics	3
male	Economics	5
male	Economics	5
male	Economics	5
male	Economics	5
male	Economics	3
male	Economics	3
male	Economics	1
male	Economics	5
male	Economics	5
male	Economics	3
male	Economics	5
male	Economics	5
male	Economics	3
female	Economics	1
male	Economics	3
male	Economics	6
male	Economics	9
male	Economics	9
male	Economics	1
male	Economics	9
male	Economics	9
male	Economics	9
male	Economics	9
male	Economics	1
male	Economics	1
male	Economics	9
male	Economics	1
male	Economics	3
male	Economics	3
male	Economics	9
male	Economics	3
male	Economics	1
male	Economics	1
male	Economics	1
male	Economics	9
female	Economics	3
male	Economics	9
male	Economics	3
male	Economics	1
male	Economics	9
male	Economics	1
male	Economics	9
male	Economics	3
male	Economics	9
male	Economics	3
male	Economics	9
male	Economics	1
male	Economics	9
male	Economics	2
male	Economics	2
male	Economics	5
male	Economics	29
male	Economics	8
male	Economics	6
male	Economics	1
male	Economics	2
male	Economics	1
male	Economics	1
male	Economics	2
female	Economics	1
male	Economics	9
male	Economics	5
male	Economics	1
male	Economics	4
male	Economics	4
male	Economics	1
male	Economics	3
male	Economics	1
female	Economics	1
male	Economics	5
male	Economics	1
male	Economics	1
male	Economics	8
male	Economics	7
male	Economics	1
male	Economics	5
male	Economics	2
male	Materials science	1
male	Materials science	1
female	Materials science	11
male	Materials science	1
male	Materials science	27
male	Materials science	5
male	Materials science	1
male	Materials science	1
male	Materials science	1
male	Materials science	13
male	Materials science	13
male	Materials science	1
male	Materials science	2
male	Materials science	1
male	Materials science	2
male	Materials science	2
male	Materials science	2
male	Materials science	1
male	Materials science	3
male	Materials science	2
male	Materials science	5
male	Materials science	5
male	Materials science	5
male	Materials science	4
male	Materials science	5
male	Materials science	5
male	Materials science	1
male	Materials science	5
male	Materials science	3
male	Materials science	5
male	Materials science	1
male	Materials science	4
male	Materials science	7
male	Materials science	6
male	Materials science	1
male	Materials science	4
male	Materials science	12
male	Materials science	4
male	Materials science	2
male	Materials science	1
male	Materials science	1
male	Materials science	1
male	Materials science	1
male	Materials science	1
male	Materials science	2
male	Materials science	4
male	Materials science	1
male	Materials science	1
female	Materials science	1
male	Materials science	4
male	Materials science	3
male	Materials science	19
male	Materials science	1
male	Materials science	1
male	Materials science	8
male	Materials science	1
male	Materials science	16
male	Materials science	2
male	Materials science	10
male	Materials science	2
male	Materials science	2
male	Materials science	3
male	Materials science	5
male	Materials science	2
male	Materials science	1
male	Geology	2
female	Geology	4
male	Geology	4
female	Geology	6
female	Geology	4
male	Geology	1
male	Geology	6
male	Geology	4
male	Geology	10
male	Geology	2
male	Geology	2
male	Geology	10
male	Geology	2
male	Geology	1
male	Geology	1
male	Geology	7
female	Geology	5
female	Geology	4
male	Geology	2
male	Geology	4
female	Geology	6
male	Geology	5
male	Geology	4
male	Geology	1
male	Geology	1
male	Geology	3
male	Geology	6
male	Geology	1
male	Geology	8
male	Geology	12
male	Geology	3
female	Geology	1
male	Geology	1
male	Geology	7
male	Geology	14
male	Geology	4
male	Geology	4
male	Geology	7
male	Geology	4
male	Geology	4
male	Geology	2
male	Geology	3
male	Geology	1
male	Geology	2
male	Geology	4
male	Geology	2
male	Geology	11
male	Geology	1
male	Geology	2
male	Geology	7
male	Geology	6
male	Geology	1
male	Geology	1
male	Geology	12
male	Geology	5
male	Geology	5
male	Geology	2
male	Geology	2
male	Geology	2
male	Geology	1
male	Geology	4
male	Geology	2
male	Geology	2
male	Geology	11
male	Geology	1
male	Geology	3
male	Geology	1
male	Geology	1
male	Geology	2
male	Geology	2
male	Geology	4
male	Geology	8
male	Geology	1
male	Geology	5
male	Geology	4
male	Geology	2
male	Geology	1
male	Geology	1
male	Geology	5
male	Geology	5
male	Geology	2
male	Geology	5
male	Geology	1
male	Geology	1
male	Geology	2
male	Geology	2
male	Geology	2
male	Geology	4
male	Political science	2
male	Political science	2
female	Political science	1
female	Political science	2
male	Political science	1
male	Political science	2
female	Political science	2
female	Political science	2
male	Political science	25
male	Political science	3
male	Political science	1
female	Political science	1
male	Political science	1
male	Political science	1
male	Political science	1
male	Political science	1
male	Political science	1
male	Political science	39
male	Political science	1
male	Political science	1
male	Political science	1
male	Political science	18
male	Political science	1
female	Political science	2
male	Political science	2
male	Political science	1
male	Political science	5
female	Political science	1
male	Political science	1
male	Political science	2
male	Political science	3
female	Political science	1
male	Political science	3
male	Political science	2
female	Political science	6
male	Political science	2
male	Political science	8
male	Political science	1
male	Political science	1
male	Political science	1
male	Political science	11
male	Political science	1
male	Political science	4
male	Political science	1
female	Political science	4
female	Political science	2
female	Political science	4
female	Political science	7
female	Political science	1
male	Political science	4
male	Political science	5
female	Political science	2
male	Political science	2
male	Engineering	3
male	Engineering	5
male	Engineering	5
male	Engineering	2
male	Engineering	11
male	Engineering	2
male	Engineering	1
male	Engineering	2
male	Engineering	1
female	Engineering	23
male	Engineering	2
male	Engineering	4
male	Engineering	1
male	Engineering	1
male	Engineering	1
male	Engineering	1
male	Engineering	1
male	Engineering	1
male	Engineering	1
male	Engineering	1
male	Engineering	23
male	Engineering	1
male	Engineering	1
male	Engineering	1
male	Engineering	1
male	Engineering	6
male	Engineering	2
male	Engineering	1
male	Engineering	3
male	Engineering	7
male	Engineering	1
male	Engineering	1
male	Engineering	1
male	Engineering	1
male	Engineering	1
male	Engineering	1
male	Engineering	1
male	Engineering	2
male	Engineering	2
male	Engineering	6
male	Engineering	6
male	Engineering	1
male	Engineering	3
male	Engineering	3
male	Engineering	2
male	Engineering	2
male	Engineering	2
female	Engineering	2
male	Engineering	9
male	Engineering	3
male	Engineering	2
male	Engineering	1
male	Engineering	1
male	Engineering	1
male	Engineering	1
male	Engineering	9
male	Engineering	1
male	Engineering	1
male	Engineering	1
male	Engineering	1
male	Engineering	1
male	Engineering	1
male	Engineering	1
male	Engineering	1
male	Engineering	1
male	Engineering	1
male	Engineering	1
male	Engineering	20
male	Engineering	6
male	Engineering	2
male	Engineering	3
male	Engineering	4
male	Engineering	3
male	Engineering	4
male	Engineering	1
male	Engineering	3
male	Engineering	3
male	Engineering	3
male	Engineering	4
male	Engineering	4
male	Engineering	1
male	Engineering	1
male	Engineering	4
male	Engineering	4
male	Engineering	4
male	Engineering	1
male	Engineering	1
male	Engineering	1
male	Engineering	1
male	Engineering	3
male	Engineering	10
male	Engineering	6
male	Engineering	1
male	Engineering	6
male	Engineering	1
male	Engineering	13
male	Engineering	4
male	Engineering	1
male	Engineering	6
male	Engineering	2
male	Engineering	1
male	Engineering	13
male	Engineering	2
male	Engineering	2
male	Engineering	10
male	Engineering	2
male	Engineering	2
male	Engineering	2
female	Engineering	2
male	Engineering	2
male	Engineering	2
male	Engineering	2
male	Engineering	2
male	Engineering	2
male	Engineering	4
male	Engineering	1
male	Engineering	1
male	Engineering	4
male	Engineering	2
male	Engineering	1
male	Engineering	2
male	Engineering	2
male	Engineering	2
male	Engineering	1
male	Engineering	2
male	Business	3
male	Business	1
male	Business	9
male	Business	1
male	Business	1
male	Business	1
male	Business	1
male	Business	1
male	Business	1
female	Business	1
male	Business	19
male	Business	1
male	Business	1
male	Business	1
female	Business	1
male	Business	23
male	Business	5
male	Business	1
male	Business	1
male	Business	7
female	Philosophy	2
male	Philosophy	2
male	Philosophy	1
male	Philosophy	2
male	Philosophy	2
male	Philosophy	1
male	Philosophy	29
male	Philosophy	1
female	Philosophy	3
male	Philosophy	5
male	Philosophy	2
female	Sociology	3
male	Sociology	10
male	Sociology	3
male	Sociology	4
male	Sociology	4
female	Sociology	1
female	Sociology	1
female	Sociology	2
female	Sociology	4
male	Sociology	3
female	Sociology	19
male	Sociology	5
female	Sociology	5
male	Sociology	14
male	Sociology	5
female	Sociology	5
male	Sociology	5
male	Sociology	5
